:020000040800F2
:10000000180E0020D5010008A54B00085943000830
:10001000A14B0008990D0008E56A000800000000E7
:10002000000000000000000000000000E16800087F
:10003000A911000800000000196700088169000884
:10004000EF010008EF010008EF010008EF010008D0
:10005000EF010008EF010008EF010008EF010008C0
:10006000EF010008EF010008EF010008EF010008B0
:10007000EF010008EF010008EF010008EF010008A0
:10008000EF010008EF010008EF010008EF01000890
:10009000EF010008EF010008EF010008EF01000880
:1000A000EF010008EF010008EF010008EF01000870
:1000B000EF010008EF010008EF010008EF01000860
:1000C000EF010008EF010008EF010008EF01000850
:1000D000EF010008956A0008B96A0008EF010008FE
:1000E000EF010008EF010008EF01000800F002F83E
:1000F00000F060F814A696E8000CB244B344DA4568
:1001000001D100F057F8BAE80F000FA696E83000CA
:10011000A5EB040504EB0607AAEB0704A7F101070A
:100120004FEA15154FEA3414A4F10104AC4201D38F
:1001300000F040F813F0010F18BFFB1A43F0010361
:1001400000F001F8DBE71847D4A00000F4A000009D
:10015000103A24BF78C878C1FAD8520724BF30C8F3
:1001600030C144BF04680C60704700007047000055
:100170000023002400250026103A28BF78C1FBD8B0
:10018000520728BF30C148BF0B607047662908F08E
:10019000C682642900F05280002070471FB500F02D
:1001A0002DFC04000020002107F06AFDE0601FBD67
:1001B00010B510BD00F022FD1146FFF7EFFF06F06D
:1001C00091FE00F040FD03B4FFF7F2FF03BC00F026
:1001D00083FD00000948804709480047FEE7FEE725
:1001E000FEE7FEE7FEE7FEE7FEE7FEE7FEE7FEE7E7
:1001F00004480549054A064B704700008569000818
:10020000ED00000818080020180E0020180A002031
:10021000180A00200FB41CB5074B06AA7B44694698
:100220000090059800F0D1FB0020694600F0E0FB4B
:100230001CBC5DF814FB0000D10700002DE9F04163
:100240000646002410687529314616A510D0AFF374
:100250000080002802DA404213A507E031688A07CF
:1002600001D512A502E0490704D511A5012401E03A
:10027000AFF3008000210A2206F1240709E0B0FB59
:10028000F2FCB0FBF2F302FB1C003030785418464D
:10029000491C0028F3D123462A463046BDE8F041E8
:1002A00000F026B9000000002D0000002B00000027
:1002B000200000002DE9F0474FF0000A894604466F
:1002C000C0F820A02046E1688847002876D025287D
:1002D00006D0D4E901219047206A401C2062F1E752
:1002E000E168204600258847C4F81CA00646002780
:1002F000C4F818A02A2E09D0304607F0B9FC38B34C
:1003000004EB8708303EC8F8186019E059F8041B60
:10031000204604EB87029161E1688847012F064679
:1003200018D1E069002820DA25F020051DE0D8F872
:10033000180000EB800006EB40003038C8F81800C9
:100340002046E1688847064607F092FC0028EED177
:10035000012F0AD02E2E08D12046E16888477F1C45
:100360000646022F45F02005C4DBA069002803DA09
:10037000404245F00105A061E80701D025F01005D5
:10038000B6B1A6F14100192802D8203645F400651F
:100390004A463146204625604D46FFF7F7FE58B1E4
:1003A000012806D0ED1D25F0070000F1080989E7B6
:1003B00004E005F1040985E730468AE7206ABDE8D4
:1003C000F08740EA010310B59B070FD1042A0DD333
:1003D00010C808C9121F9C42F8D020BA19BA884226
:1003E00001D9012010BD4FF0FF3010BD1AB1D30765
:1003F00003D0521C07E0002010BD10F8013B11F89B
:10040000014B1B1B07D110F8013B11F8014B1B1BC3
:1004100001D1921EF1D1184610BD10B5431C02E067
:1004200010F8011B71B18107FAD14FF0013202C8F7
:100430008C1A8C4314EAC211F9D0C01A0A0603D0F0
:10044000C01E10BDC01A10BD0A0401D0801E10BD10
:100450000902FCD0401E10BD4FF000020429C0F07C
:10046000128010F0030C00F01B80CCF1040CBCF1E6
:10047000020F18BF00F8012BA8BF20F8022BA1EB38
:100480000C0100F00DB85FEAC17C24BF00F8012B1D
:1004900000F8012B48BF00F8012B70474FF0000215
:1004A00000B5134694469646203922BFA0E80C506A
:1004B000A0E80C50B1F12001BFF4F7AF090728BF45
:1004C000A0E80C5048BF0CC05DF804EB890028BFC1
:1004D00040F8042B08BF704748BF20F8022B11F0EA
:1004E000804F18BF00F8012B704770477047704766
:1004F0002DE9F0470D4699469246044600F124083E
:100500000168880604D5E06921F01001216000E04F
:100510000120A84201DD471B00E00027A1697A19EC
:1005200002EB0900081AA0612078C00602D4204618
:10053000AFF30080002608E0D4E901211AF8060094
:100540009047206A401C761C20624E45F4DB2078E0
:10055000C0060AD52046AFF3008006E0D4E90121A9
:1005600030209047206A401C2062381EA7F1010706
:10057000F4DC07E0D4E9012118F805009047206A6F
:10058000401C2062281EA5F10105F3DC2046AFF3D4
:1005900000802078000602D50220BDE8F087012007
:1005A000FBE72DE9FF4F0C461E464FF0FF378BB09F
:1005B000D2E90001DDF860800A908A46C1F30A554D
:1005C00005B93D46002108464FF00000BAF1000F82
:1005D00000F4400005DA00EB80004FF4400101EA2E
:1005E00050004FEA9059B9F1010F00DDB9460A9861
:1005F00050EA4A000ED044F61050A5F2FF354543AC
:100600002F14B8F1000F1ED07542291E1EDDC9F14E
:1006100000021CE0B8F1010F4FF0000001D03021C2
:1006200003E0F24305E02154401CB042FBDB3046BE
:100630000022002121540B99C1F80880C1E9002053
:100640000FB0BDE8F08FBD1B6D1CDEE74A4600DA37
:10065000694206A800F05CFA06AB93E8070003AB1A
:1006600083E8070050460A9906F025FF8DE8070049
:10067000A0F500501F3800900398002D0ADD42F2CB
:100680001F014A460844002303A90390684607F067
:100690008FF909E0A0F500504A461F38002303A94E
:1006A0000390684607F099F98DE807000004000CF4
:1006B00003D04FF0FF30410800E01046B8F1000FC2
:1006C00003D00022009215461EE0751E05D400F0EE
:1006D00099F9303262556D1EF9D5B34601220843AF
:1006E00002D000227F1C04E02078302801D10022B3
:1006F0007F1E002A099784D01DE0112D07DA00F033
:1007000081F9303262556D1C50EA0102F5D108437F
:1007100002D00098C8B10EE00021681E05E0235CFD
:10072000625C63542254401E491C8142F7DBAB4695
:10073000A81B401E0990002004F80B000B98099A92
:10074000C0F80880C0E9002B7AE711264FF00008B6
:1007500057E72DE9F04F88460446D21D22F00701E5
:1007600091B0D1E90001CDE90A0107F06DFA024626
:100770000B98C00F01D02D2007E02068810701D51C
:100780002B2002E0202101EAC000032A099001D0B9
:10079000072A05DB03464146204600F079F90BE1C4
:1007A0002078800601D5E06900E00620B8F1650FE9
:1007B000814606D0B8F1660F18D0B8F1670F70D136
:1007C00031E00020B9F1110F009001DB112301E0AD
:1007D00009F101030AAA01A90CA8FFF7E2FEDDE96D
:1007E0000C70002609F10105834647E001204B46C5
:1007F00000904FF000470AAA01A90CA8FFF7D1FE0C
:10080000DDE90DB00C995D46002610B909F1010033
:100810000D18B9EB050003D4C0F1FF3609F101054D
:10082000A5EB09002BE0B9F1010F01DA4FF0010946
:100830000020B9F1110F0090484601DD112300E0BE
:1008400003460AAA01A90CA8FFF7ABFEDDE90C706C
:100850004D4600268346207800070AD4AB4500DACF
:100860005D4601A8012D04DD411911F8011C302954
:1008700007D04F4502DA17F1040F04DA012082464F
:100880000FE06D1EEEE7002F02DCED1B3E4403E09F
:10089000781CA84200DD7D1CB81B00F1010A4FF056
:1008A00000472078000703D4AA4501DB4FF0FF3A48
:1008B0000021B7F1004F0DF143088DF8431024D00B
:1008C00002202B23002F01DA7F422D230A21021E52
:1008D000A0F1010000DC5FB197FBF1FC97FBF1F2A6
:1008E00001FB1C7C17460CF1300C08F801CDEEE73B
:1008F000A8F1010003702188090501D5452100E018
:100900006521A0F1010800F8011C09980FA9A1EBCD
:100910000807FF1D00B10120411901EBEA70A16930
:100920003844081A401EA0612078C00602D4204630
:10093000AFF30080099828B1D4E901219047206ADB
:10094000401C20622078C00622D52046AFF30080EC
:100950001EE0002E04DBB34502DD01A8805D00E04F
:100960003020D4E901219047206A401C2062761C87
:10097000AAF101005FEA000A0AD100F03FF8C0685E
:100980000168405CD4E901219047206A401C206244
:10099000281EA5F10105DCDC07E0D4E9012118F8E7
:1009A000010B9047206A401C2062381EA7F1010706
:1009B000F3DC2046AFF30080032011B041E60000D5
:1009C00001694A1C02610878704700B58FB0CDE913
:1009D00001310021059105497944CDE90310114603
:1009E0006846FFF767FC0FB000BD0000E5FFFFFFA2
:1009F0000A6802F8010B0A6070470000004870475F
:100A00003800002030B5B0F10A0271F100034FEA5E
:100A1000900E4EEA817EB0EB0E0061EB91014FEA41
:100A2000101E4EEA017E10EB0E0041EB11114FEA51
:100A3000102E4EEA016E10EB0E0041EB11214FEA31
:100A4000104E4EEA014E10EB0E0041EB11414018E2
:100A500041F100014FEAD00040EA41704FEAD10174
:100A60004FEA810444EA907410EB800544EB0104E2
:100A70006D1944EB0404521BA3414FF0000348BF1F
:100A80000A3200D530BD401C41F1000130BD0000EC
:100A90002DE9F0411F46044603260168072A01F4A8
:100AA000006004DB08B116A505E016A503E008B157
:100AB00015A500E015A521F010002060A069C01E5A
:100AC000A0610FB1401EA0612046AFF300804FB17E
:100AD000D4E9012138469047206A401C2062C01C9E
:100AE000206206E0206AFAE7D4E9012115F8010B3B
:100AF0009047761EF8D22046AFF30080BDE8F08123
:100B00004E414E006E616E00494E4600696E6600B1
:100B10002DE9F047814616468AB0354878440DC81D
:100B20008DE80D0032487844801C03AC0DC884E881
:100B30000D0041F69B300844372190FBF1F290FB09
:100B4000F1F5A5F1800501FB12041B3C02D56442BE
:100B5000012000E00020DFF898A080460027FA443A
:100B6000AAF1BE0A0EE0E0070AD03246684607EB5B
:100B7000470101230AEB810106F02FFF8DE80700F2
:100B800064107F1C002CEED1194F7F44AE3F19E05A
:100B9000E80715D007EB04100DF1180A90E80E00D5
:100BA0008AE80E00C068F04201D1981908903246D8
:100BB000012306A903A806F010FF03AB83E8070092
:100BC0006D10641C002DE3D14FF0010332466946DD
:100BD000B8F1000F03A802D006F0EAFE01E006F02B
:100BE000FCFEC9E90001C9F808200AB0BDE8F08799
:100BF000807C000000487047180000207546FFF711
:100C0000F9FFAE4605006946534620F007008546C9
:100C100018B020B5FFF7ECFABDE820404FF0000611
:100C20004FF000074FF000084FF0000BAC46ACE867
:100C3000C009ACE8C009ACE8C009ACE8C00921F0C3
:100C400007018D46704710B50446AFF3008020467B
:100C5000BDE81040FFF7B7BA4FF0013C50F8042B45
:100C600051F8043B9A4221D1A2EB0C03934313EABF
:100C7000CC1317D150F8042B51F8043B9A4215D1EC
:100C8000A2EB0C03934313EACC130BD150F8042BC3
:100C900051F8043B9A4209D1A2EB0C03934313EAA7
:100CA000CC13DBD04FF00000704700BFD01A01BA60
:100CB000B1FA81F101F0180122FA01F0CB40DBB268
:100CC000C0B2C01AC1F120012CFA01F3D11A91432C
:100CD00011EAC311E6D1704701491820ABBEFEE707
:100CE0002600020070470000B0B582B00446002024
:100CF000019021688A68D2074BD1886840F00100D2
:100D0000886040F20C00C2F2000000684DF683617A
:100D1000C4F21B31A0FB0101880C01900198A0B125
:100D2000019801380190019878B10198013801903B
:100D3000019850B1019801380190019828B10198AB
:100D40000138019001980028EAD101F095F8216856
:100D50008968C9071CD1054603E000BF8068C00749
:100D600016D101F089F8411B20680329F6D3816868
:100D7000C907F3D1A06A40F01000A062E06A40F019
:100D80000100E062002084F82400012002B0B0BD20
:100D9000002002B0B0BD0000FEE700002DE9F04FDA
:100DA00083B00E46074640F6000A0520042190460F
:100DB000C4F2010A00F0DCF80220ADF800000120C6
:100DC00000F0F8FD5046102100224FF0000901F01C
:100DD0004DF840F22470C2F2000069460222FF235F
:100DE00002F07AF850461021012201F03FF80A2063
:100DF000802105F077FD26B340F224747D1E4FF06C
:100E0000120BC2F200040DF1020700BF15F8010F2A
:100E10008DF802B08DF80300012000F0CBFD5046A4
:100E20001021002201F022F8204639460222FF2339
:100E300002F052F850461021012201F017F8013E4D
:100E4000E4D140F20230ADF80400012000F0B2FD20
:100E500050461021002201F009F840F22476C2F237
:100E6000000601A930460222FF23FF2502F034F8D4
:100E700050461021012200F0F9FF4FF08A0B0DF1CE
:100E800007070DF1060400BF01208DF806908DF8CC
:100E900007B000F08FFD50461021002200F0E6FF61
:100EA000304639460122FF2302F016F8304621462B
:100EB0000122FF2301F014FF50461021012200F00F
:100EC000D5FF013D280604D09DF8060010F004006F
:100ED000DAD0C42000248DF8090001208DF80840E4
:100EE00000F068FD50461021002200F0BFFF40F2E4
:100EF0002476C2F200060DF1090130460122FF23DB
:100F000001F0EAFF02A930460122FF2301F0E8FECA
:100F100050461021012200F0A9FF9DF808008DF82D
:100F20000A4088F80000C2208DF80B00012000F074
:100F300041FD50461021002200F098FF0DF10B01F9
:100F400030460122FF2301F0C7FF0DF10A013046B0
:100F50000122FF2301F0C4FE50461021012200F0BF
:100F600085FF9DF80A0088F8010003B0BDE8F08F06
:100F7000F0B581B0054600208DF80000802040EAE1
:100F800045008DF8010001200E4600F013FD40F6EB
:100F90000004C4F2010420461021002200F066FF84
:100FA00040F22477C2F200070DF101013846012218
:100FB000FF2301F091FF694638460122FF2301F02B
:100FC0008FFE20461021012200F050FF9DF8000006
:100FD0007E21B04301EA45018DF8030001208DF820
:100FE000021000F0E7FC20461021002200F03EFF36
:100FF0000DF1020138460222FF2301F06DFF204669
:101000001021012200F032FF01B0F0BD2DE9F047C0
:1010100084B040F60004C4F201044EF6784820463D
:1010200001210022CFF6FF780125002600F01EFFE7
:10103000132005F06BFD20460121012200F016FF70
:10104000142005F0AFFE69462046CDE90266CDE9E1
:10105000005600F0FDFD45462046012100F000FF4E
:1010600018B9002D05F10105F6D1454620460121AC
:1010700000F0F6FE18B1002D05F10105F6D10027AC
:101080004FF0000900260CE0002D4FEA490006F160
:10109000010618BF012540EADA79282E45EA4A07F9
:1010A00020D0BA46454600BF2046012100F0D8FEB8
:1010B00018B9002D05F10105F6D11C2005F072FECE
:1010C0002046012100F0CCFE05464746204601217E
:1010D00000F0C6FE0028D7D0002F07F10107F5D198
:1010E000D2E700BF0120CDE90000032000250390D6
:1010F000694620464FEA4A06029500F0A9FD2046BF
:101100000121012200F0B2FE300E40EA0924E01B6A
:10111000484400EB164000EB1620000604D0284699
:1011200004B0BDE8F08700BF300C40EA094A300A3D
:1011300040EA09655FFA89F0002107F002F90746E5
:10114000E0B2002106F0E4FD49F69A1849F6991933
:10115000C9F69918C3F6B97942464B4606F01EFE09
:1011600006F0A4FD0146384606F042FF40F2C806EC
:10117000C2F2000670605FFA8AF0002107F0E1F821
:101180000746E8B2002106F0C3FD42464B4606F092
:1011900005FE06F08BFD0146384606F029FF30605B
:1011A000284604B0BDE8F08770470000EFF31080D8
:1011B00072B600BFFEE7000010B540F27064C2F2E4
:1011C000000420464FF0FF3100F0D4F9204600F033
:1011D000BDF880B207F0E6F84FF20001C4F27F518B
:1011E00006F09EFF0021C4F2C82107F057F907F06E
:1011F0008DF810BD40F2C800C2F200004068704790
:1012000040F2C800C2F200000068704770B581B0BB
:101210000022009290F82420012A03D102210846DE
:1012200001B070BD4A680123062A02EB820E80F8E5
:10123000243007D8D0F800C06FF004030CF1340656
:101240000CE000BFD0F800C00C2A87BF0CF12C06C0
:101250006FF040030CF130066FF022030EEB030237
:101260001F23346803FA02F50B6824EA050503FA24
:1012700002F22A433260092B03EB43021AD9DCF84D
:101280000C601E3A072589689540AE43914023F0D3
:1012900001023143102ACCF80C1015D142F2004162
:1012A000C4F201018C4517D0816A41F020018162AE
:1012B00001210AE0DCF81030072689689640B34324
:1012C00091401943CCF810100021002280F824200E
:1012D000084601B070BD00BF89680902F4D4DCF88B
:1012E0000810102B41F40001CCF80810ECD140F2AA
:1012F0000C01C2F2000109684DF68362C4F21B3290
:10130000A1FB0212910C01EB8101490000910099AF
:101310000029D9D000990139009100990029D3D032
:1013200000990139009100990029CDD00099013927
:10133000009100990029C7D00099013900910099C6
:1013400000294FF00001E5D1BFE700000068C06C44
:1013500070470000002804BF01207047B0B5044664
:10136000806A28B121688868C0070CD115E000BFE9
:101370000020E06284F82400204600F097F82168FD
:101380008868C00709D0886820F00100886000F0F4
:1013900073FD21688A68D20726D1A06AC0063AD4B4
:1013A000A06A41F2021290430230A062E069D4E9DF
:1013B000013240EA030C531EB3FA83F35D0913466E
:1013C000B2F5807F18BF2B02207D257B01284CEAD7
:1013D00045002CD135B3A56A45F02005A562E56A24
:1013E00045F00105E56222E0054602E08868C00795
:1013F000D3D000F041FD401B21680328F6D3886854
:10140000C007F3D0A06A40F01000A062E06A40F08C
:101410000100E062A06AA06A40F01000A062012012
:10142000B0BD00BFA56903EB4533A3F5C0534D68BC
:10143000B2F5807F25F4694543EA05034B608B686C
:101440004FF2FD75CFF6E17503EA050343EA0003A9
:101450008B6001D0012A07D122690023CFF6F073F7
:1014600003EB025201E000BF0022CB6A23F47003B9
:101470001A43CA62896840F6FE62CFF61F721140B5
:10148000814207D10020E062A16A012262F30101DA
:10149000A162B0BDA06A40F0100020F00200A0627E
:1014A000E06A40F00100E0620120B0BDB0B586B056
:1014B000006842F6000140F60004C4F20101C4F2E3
:1014C000010488424FF00001CDE90411CDE9021179
:1014D0002ED042F20041C4F20101884247D141F2CC
:1014E0001800C4F202000168022541F40071016095
:1014F000016801F4007101910199016841F0040152
:101500000160016801F0040101910199016841F055
:1015100008010160006802A900F00800019001982C
:10152000032003902046029500F092FB029517E0FD
:1015300041F21800C4F20200016841F480610160C8
:10154000016801F4806101910199016841F008018D
:101550000160006800F008000190019802200290EC
:101560000320039004F5806002A900F071FB06B02F
:10157000B0BD00002DE9F04182B000270D460446C1
:10158000019700F079FC21688A68D20544D40646A8
:101590004868C00503D4C86A10F4700F46D040F202
:1015A0000C00C2F20000076842F292480220C1F229
:1015B000492800F0FFFE216844F624130A69B7FBAE
:1015C000F0F0C2F292431A4206D1CA6844F62413DC
:1015D000C0F292031A425BD00A6912EA080F07D1DF
:1015E000CA6842F29243C0F249031A4200F0C08036
:1015F0000A6949F24923C0F224031A424FF0FC025F
:1016000054D1CF681F4208BF5422019B02FB00F750
:10161000BB4250D3C3E000BFA06A40F02000A062EC
:1016200084F82470012002B0BDE8F08108688007CA
:1016300000F1B580681C00F0A880FDB9086880073B
:1016400070D50868800700F1AA800868800769D50E
:101650000868800700F1A3800868800762D50868E1
:10166000800700F19C80086880075BD508688007C8
:10167000E4D594E00868800700F1918000F0FCFB5D
:10168000801B2168A842F5D908688007F2D449E098
:101690000A6912EA080F4FF0290207D1CB6842F21B
:1016A0009247C0F249073B4208BF1422019B02FB4C
:1016B00000F7BB4273D2681C52D05DBB0198B842A0
:1016C00030D30198013001900198B84267D2019857
:1016D000B84227D30198013001900198B8425ED2F8
:1016E0000198B8421ED30198013001900198B84288
:1016F00055D20198B84215D3019801300190019854
:10170000B842DBD34BE000BF019801300190019853
:10171000B84235D200F0B0FB801BA842F4D9019842
:10172000B842F1D2A06A40F00400A062002084F820
:101730002400032002B0BDE8F08100BF0198013011
:1017400001900198B8422AD2019801300190019885
:10175000B84224D20198013001900198B8421ED2BB
:101760000198013001900198B842E7D317E000BF1B
:101770005422019B02FB00F7BB429CD30FE000BF49
:1017800021680CE00868800709D40868800706D43F
:10179000086880075CBF08685FEA8070F2D56FF068
:1017A00012000860A06A40F40070A062886800F42B
:1017B0006020B0F5602F01D1207B18B1002002B06D
:1017C000BDE8F081A06A20F48070A062A06AC00425
:1017D000F4D4A06A40F00100A062002002B0BDE88D
:1017E000F081000010B5044690F82400012804BFE1
:1017F000022010BD012084F824002046FFF774FA6F
:1018000020B1002084F82400012010BD42F2044CD5
:101810002068A16AC4F2010C40F2013291430CF538
:101820007F7201F580719042A16229D0A16A21F4F2
:101830008011A1624168490504D5A16A012363F3BF
:101840000D31A162A16A0023C9044FF0000144BF19
:10185000E16A21F00601E1626FF0020184F82430B0
:101860000160816801F46021B1F5602F1BD19042C5
:1018700014D0816841F4A0018160002010BD00BF38
:10188000DCF8001011F4702FD0D0A16A41F480115F
:10189000A162DCF800104905CFD4D3E7DCF80010D2
:1018A00011F4702FE5D0816841F48011816000202F
:1018B00010BD0000014690F82100022816D10868EA
:1018C000D1E90FC3026822F00E020260026822F022
:1018D00001020260012000FA03F2CCF8042081F832
:1018E00021000020002281F8202070470420886316
:1018F0000120002281F820207047000090F821107C
:10190000022923D1026840F2040C1168C4F2020CCF
:1019100021F00E01116013682F21C4F202018A42E6
:1019200023F00103136015DD3023C4F202039A4251
:101930001CD04423C4F202039A421BD05823C4F2A1
:1019400002039A421CD14FF4803321E004218163C9
:10195000012070470823C4F202039A420ED01C23D0
:10196000C4F202039A420BD1102311E04FF48073AA
:101970000EE000BF4FF480530AE000BF012307E0F0
:101980000CF168014FF080738A4208BF4FF4801356
:101990000121CCF8003080F82110416B0022002991
:1019A00080F8202004BF0020704780B588470020C1
:1019B00080BD0000B0B582B2D30842F2C5056B43CA
:1019C0001B0D4FF47A754EF2100103FB150E40F219
:1019D000DC4CCEF20001B2F57A7FC2F2000C5BD390
:1019E000BCF8000044F24022C0F20F02424313F060
:1019F0000304A3F101004DD000254A608D600D68FD
:101A000045F001050D6000BF0D6805F00115012DC1
:101A10000ED10D6805F00115012D09D10D6805F0F5
:101A20000115012D04D10D6805F00115012DEBD034
:101A30000D68012C25F001050D604FF000058D604B
:101A400004D1013B032827D379E000BF4A608D60B1
:101A50000D6845F001050D600D6805F00115012DBB
:101A60000ED10D6805F00115012D09D10D6805F0A5
:101A70000115012D04D10D6805F00115012DEBD0E4
:101A80000D68022C25F001050D604FF000058D60FA
:101A900032D1023B032852D25FEA0E4008BFB0BDEC
:101AA000BCF800001FFA8EF250434FF47A72504394
:101AB000486000208860086840F00100086000BFAE
:101AC000086800F0011001280ED1086800F001102C
:101AD000012809D1086800F00110012804D1086824
:101AE00000F001100128EBD0086820F00100086028
:101AF00000208860B0BD00BF4A608D600C6844F073
:101B000001040C600C6804F00114012C0ED10C6867
:101B100004F00114012C09D10C6804F00114012C0B
:101B200004D10C6804F00114012CEBD00C68033BC9
:101B300024F001040C6000248C600328ACD3002046
:101B400007E000BF0C68043B24F001040C608860CF
:101B5000A2D04A6088600C6844F001040C6000BFA9
:101B60000C6804F00114012C0ED10C6804F001146F
:101B7000012C09D10C6804F00114012C04D10C686B
:101B800004F00114012CEBD00C6824F001040C606B
:101B900088604A6088600C6844F001040C6000BFF3
:101BA0000C6804F00114012C0ED10C6804F001142F
:101BB000012C09D10C6804F00114012C04D10C682B
:101BC00004F00114012CEBD00C6824F001040C602B
:101BD00088604A6088600C6844F001040C6000BFB3
:101BE0000C6804F00114012C0ED10C6804F00114EF
:101BF000012C09D10C6804F00114012C04D10C68EB
:101C000004F00114012CEBD00C6824F001040C60EA
:101C100088604A6088600C6844F001040C6000BF72
:101C20000C6804F00114012C7FF48CAF0C6804F0F4
:101C30000114012C7FF486AF0C6804F00114012C10
:101C40007FF480AF0C6804F00114012CE8D079E730
:101C50002DE9F04F82B00E68002E00F0FD8041F2B9
:101C60000042C4F20102042340F2004E904208BF39
:101C700003234FF6FF7CC4F2010E009300240123DE
:101C8000C1F2100C4FF0000A4FF000094BE000BF0A
:101C900041F20002C4F20102009F904208BF0227F5
:101CA00004F00C030F229A402BEA020207FA03F316
:101CB0004FEA9A051A4346F825204E6840F20C4533
:101CC000F202DEF8082054BF22EA080242EA0802C3
:101CD000C4F20105CEF808202A68B30254BF22EAF4
:101CE000080242EA08022A60B303DEF8042054BF67
:101CF00022EA080242EA0802F303CEF80420DEF8E2
:101D000000204FF0010354BF22EA080242EA080211
:101D1000CEF800200E680AF1010A36FA0AF204F140
:101D2000040400F0998003FA0AFB16EA0B08F1D0CC
:101D30004E68664512DC122E56D8DFE806F0350BE9
:101D40004D49555555555555555555555555554567
:101D5000510000BFD1F80C9046E000BF4FF6FF7273
:101D6000C1F2210296420FDC0022C1F2110296421A
:101D70001AD00022C1F21202964215D00022C1F2FE
:101D80002102964210D02FE00022C1F22202964298
:101D90000AD00022C1F23102964205D00022C1F2DF
:101DA0003202964220D100BF8A684AB1012A14BF8C
:101DB000C0F814B0C0F810B04FF0080914E000BF2C
:101DC0004FF0040910E000BFCA6802F104090BE0FB
:101DD0004FF0000908E000BFCA6802F1080903E0FB
:101DE000CA6802F10C0900BF02462646B8F5807F9A
:101DF00024BF0432203E17680F25B54027EA0505A9
:101E000009FA06F635431560CA79D2067FF582AF26
:101E100041F21803C4F202031A68AEF57E7642F06E
:101E200001021A601A6802F001020192019A2AF076
:101E3000030256F802B040F60002C4F201029042DA
:101E400008D040F60042C4F2010290427FF420AF75
:101E5000012725E7002723E702B0BDE8F08F000047
:101E60008068084018BF012070470000002A08BFA2
:101E7000090401617047000040F61000C2F2000042
:101E800000687047002804BF01207047F0B581B09A
:101E9000044690F83D0028B9002084F83C00204614
:101EA00000F090F9242084F83D002068016821F0BA
:101EB00001010160016841F400410160016821F401
:101EC0000041016000F052FC636848F2A16CC0F26E
:101ED000010C40F60011C0F23D0163453CBF48F2E1
:101EE0008041C0F21E01884202D2012001B0F0BD43
:101EF0004DF68361C4F21B31A0FB01122168970CDF
:101F0000D1F804E04FF496762EF03F0545EA92456D
:101F10004D60774348F638160D6AC0F24106A7FBBC
:101F2000067625F03F07634538BF960C721C3A438E
:101F30000A62CA6948F2A0664CF6FF77C0F2010651
:101F4000B34222EA07020BD801385B00B0FBF3F082
:101F500001306FF31F30042898BF04201BE000BF3E
:101F6000A768013857B119277B43B0FBF3F0013064
:101F70006FF31F3070B100F5804007E003EB4303BF
:101F8000B0FBF3F001306FF31F3018B100F50040E3
:101F900001E000BF01201043C8610868D4E90723AD
:101FA00020F0C000104318430860886848F2FF32F0
:101FB00004F10C0790438CCF18431043A669886046
:101FC000C86820F0FF0038433043C860086840F01C
:101FD0000100086000202021206484F83D10206367
:101FE00084F83E0001B0F0BD2DE9F04383B01E46F9
:101FF000174689460446FFF73FFF94F83D10202915
:1020000024D10546206800BF816989071AD5FFF7EA
:1020100033FF411B20681A29F6D381698907F3D55C
:1020200000202021206384F83D1084F83E00216CBC
:1020300041F02001216484F83C00022003B0BDE897
:10204000F08300BF94F83C10012903D1022003B0B3
:10205000BDE8F083012184F83C100168C90703D171
:10206000016841F001010160016840F2020821F4B9
:1020700000610160212184F83D10102184F83E1098
:102080000021216467626685618DC0F201082185A7
:10209000A8F10211E162E16A0A9E11F5803F18BFC2
:1020A00001291DD1016841F48071016020464FF083
:1020B000011100223346009502F0AEF950B12068BC
:1020C0000068C00544BF4FF400702064012003B0D5
:1020D000BDE8F0832069B0F5804F07D1FE2015E000
:1020E0000829DFD0216B1229DCD0DFE7062000EAC7
:1020F000D9102168F030086108F106012046324607
:102100002B4602F06FFA0028E0D1FF20216800EA98
:10211000090008612046414632462B4602F062FA29
:102120000028D3D100200290206841690291806983
:102130000290029806E000BF204631462A4602F08F
:102140000DF918BB208D68B3204631462A4602F0AF
:10215000B5FAD8B9606A2168024612F8013B0B61F2
:102160006262628D013A6285228D531E23854F691A
:102170007F07E1D51B04DFD0437802300B6160623A
:10218000608D01386085901E2085D5E7206C04287D
:102190009CD12068016841F400710160012003B006
:1021A000BDE8F0832068016841F4007101602020DF
:1021B00084F83D00002084F83E0084F83C0003B021
:1021C000BDE8F08310B586B0006845F20041C4F266
:1021D000000188424FF00000CDE90400CDE9020083
:1021E00002D006B010BD00BF41F21804C4F20204D0
:1021F000206802A940F008002060206800F0080074
:10220000019001984FF44070029012200390032037
:10221000059040F60040C4F20100FFF719FD0420CC
:10222000C4F20100016841F0E06141F00201016087
:10223000606840F400106060606800F40010019075
:10224000019806B010BD000040F2040040F61001F5
:10225000C2F20000C2F2000100780A68104408606F
:102260007047000080B542F20000C4F2020001682D
:1022700041F010010160032000F08CF80F2000F005
:1022800005F800F027F8002080BD000070B540F28E
:102290000406C2F2000640F20C013278C2F20001DC
:1022A0004FF47A730968B3FBF2F20446B1FBF2F122
:1022B000084601F083F80F2C4FF0010508D838B913
:1022C0004FF0FF3021460022002500F037F87460FF
:1022D000284670BD82B041F21800C4F202000168C5
:1022E000022241F001010160016801F00101019148
:1022F0000199416841F080514160406800F0805090
:10230000009000980420C4F20100016862F31A6191
:10231000016002B070470000002848BF704700F01D
:102320001F01012202FA01F11C2202EAD0004EF242
:102330000012CEF2000281507047000010B54EF638
:102340000C5CCEF2000CDCF80030C3F3022E8EF0F1
:102350000704042C28BF0424BEF103034FF0FF3E02
:102360000EFA04F438BF0023A14399400EFA03F398
:102370009A43114300F00F0200F160430901043A4F
:1023800003F564436244002848BF02F10C0319704E
:1023900010BD00004EF60C51CEF200010A684FF657
:1023A000FF031A4060F30A2242F0806040F0FD70A3
:1023B00008607047012821D002280DD0102808D1CC
:1023C00041F20401C4F202010A6851F8040CC00190
:1023D00034D40020704700BF80B500F0DBF941F233
:1023E0000401C4F2020109680222C1F3813102EB47
:1023F0004101B0FBF1F0BDE88040704741F20400BC
:10240000C4F20200C16940F202320A40B2F5817F93
:1024100004BF4FF40040704701F44071B1F5407FB4
:1024200018D0B1F5007F1CBF00207047006A49F644
:102430004041800701EAE070704700BFC2F383406B
:1024400015A3185CD2030DD440F60012C0F23D0271
:10245000504313E050F8040C4FF22441800301EA8A
:10246000E07070470A6810A3C2F340429A5C41F2E0
:102470000023C0F27A03B3FBF2F250430968490229
:1024800048BF70474AF6AB214000CAF6AA21A0FB1C
:1024900001014808704700BF020304050607080948
:1024A0000A0B0C0D0E0F1010010200002DE9F04177
:1024B00082B00446007841F21C06C007C4F202064E
:1024C0004AD030685FEAC00808D4306840F08050D5
:1024D0003060306800F080500190019847F20007AA
:1024E000C4F200073868C00512D4386840F4807020
:1024F0003860FFF7C1FC05463868C00508D4FFF70F
:10250000BBFC401B6428F7D9032002B0BDE8F08172
:10251000706810F4407012D0616801F44071884214
:102520000DD0706840F24042C4F24222012320F4F0
:10253000407113600023C0071360716026D170687A
:10254000616820F440700843B8F1000F706003D454
:10255000306820F0805030602068810707D556F839
:10256000181CA26821F44041114346F8181CC0060B
:1025700007D556F8180CE16820F48000084346F8A7
:10258000180C002002B0BDE8F08100BFFFF774FC1A
:10259000054641F2883700BF70688007CFD4FFF747
:1025A0006BFC401BB8424FF00300F5D9EAE700008E
:1025B000002804BF012070472DE9F04381B042F2AA
:1025C0000008C4F202080446D8F800000D4600F0E6
:1025D000070081420CD9D8F8000020F007002843FA
:1025E000C8F80000D8F8000000F00700A8426CD13D
:1025F000206841F204098107C4F2020917D5410796
:1026000005D5D9F8001041F4E061C9F800100107C0
:1026100005D5D9F8001041F46051C9F80010D9F877
:102620000010A26821F0F0011143C9F80010C007A2
:1026300042D1D8F8000000F0070085420CD2D8F84B
:10264000000020F007002843C8F80000D8F8000078
:1026500000F00700A84238D12068410707D5D9F813
:102660000010E26821F4E0611143C9F8001000078E
:1026700008D5D9F80000216920F4605040EAC10073
:10268000C9F80000D9F8002002F00C00082841F237
:102690000020C0F27A004DD14AF2BA13C2F383414E
:1026A000C0F60003595CD20338D440F60010C0F2E3
:1026B0003D0048433EE000BF606859F8041C022812
:1026C00008D0012826D1890306D4012001B0BDE835
:1026D000F08300BF8901F8D5D9F8001021F003017B
:1026E0000843C9F80000FFF7C7FB064641F28837E8
:1026F000D9F80000616800F00C00B0EB810F98D0B1
:10270000FFF7BAFB801BB842F2D9032001B0BDE845
:10271000F08300BF8907D8D5DEE700BFD9F80020D5
:1027200048F2D073C2F34042C0F600039A5C4843BB
:10273000B0FBF2F0D9F8001048F2B872C1F30311FF
:10274000C0F60002515C40F20C0220FA01F140F2A6
:102750000800C2F200000068C2F200021160FFF738
:1027600095FD002001B0BDE8F083000040F20C00B0
:1027700041F20401C2F20000C4F2020100680968DB
:1027800048F2C872C1F30221C0F60002515CC84091
:102790007047000040F20C0041F20401C2F2000058
:1027A000C4F202010068096848F2C872C1F3C2218C
:1027B000C0F60002515CC84070470000002804BF0A
:1027C000012070472DE9F04182B00446007841F2C3
:1027D0000006C007C4F202060CD0706800F00C00BE
:1027E000042840F081803068800303D560680028A9
:1027F00000F04681207880071BD5706810F00C0F20
:1028000009D0706800F00C00082840F087807068DC
:10281000C00300F183803068800703D52069012858
:1028200040F02E813068616920F0F80040EAC10074
:1028300030602078000713D4207840072CD4E56955
:10284000002D00F01881706800F00C00082840F09E
:10285000A780012D40F00481012002B0BDE8F08185
:10286000A069002800F084800020C4F242200121E9
:10287000C0F88014FFF700FB054600BF706A8007B0
:1028800000F1B280FFF7F8FA401B0228F6D90320C6
:1028900002B0BDE8F08100BFF0695FEAC00808D46B
:1028A000F06940F08050F061F06900F080500090D5
:1028B000009847F20007C4F200073868C00549D401
:1028C000386840F480703860FFF7D6FA054600BFDC
:1028D0003868C0053ED4FFF7CFFA401B6428F7D90B
:1028E000032002B0BDE8F081706800F00C000828F9
:1028F00003D17068C0033FF576AF61683068002986
:1029000000F00C81B1F5A02F00F00081B1F5803FFF
:1029100040F01A8140F480301CE100BF206900289B
:1029200040F20000C4F2422000F0888001210160E2
:10293000FFF7A2FA054600BF306880073FF572AF87
:10294000FFF79AFA401B0228F6D9032002B0BDE82F
:10295000F08100BFE168306A002900F09D80052900
:1029600000F09280012940F0AF8040F00100B1E01A
:102970000020C4F242200021C0F88014FFF77CFA46
:10298000054600BF706A80077FF556AFFFF774FAFF
:10299000401B0228F6D9032002B0BDE8F08100BF39
:1029A0000027C4F2422700203866FFF765FA022D9F
:1029B00005460DD13068800140F1DE80FFF75CFAFA
:1029C000401B02284FF00300F4D902B0BDE8F081AB
:1029D000306880014FD5FFF74FFA401B02284FF0B7
:1029E0000300F5D9F1E700BF40F20C00C2F200008D
:1029F000006844F6D351C1F26201A0FB0101480A0C
:102A0000019000BF00BF0198411E002801913FF4D2
:102A100013AF00BF0198411E002801913FF40CAF95
:102A200000BF0198411E002801913FF405AF00BF8F
:102A30000198411E00280191E4D1FDE600210160CA
:102A4000FFF71AFA054600BF306880077FF5F1AE40
:102A5000FFF712FA401B02284FF00300F4D9B4E745
:102A60007068216A00F480328A4209D1616A00F4F8
:102A70007010884204D1002002B0BDE8F08100BF90
:102A8000012002B0BDE8F08140F004003062306AFD
:102A900040F001001EE000BF20F001003062306A0B
:102AA00020F004003062FFF7E7F9054641F288376D
:102AB000306A800720D5FFF7DFF9401BB8424FF09E
:102AC0000300F5D981E700BF20F001003062306AD1
:102AD00020F004003062FFF7CFF9054641F2883755
:102AE000306A800708D4FFF7C7F9401BB842F7D90E
:102AF000032002B0BDE8F081B8F1000F3FF59FAEB2
:102B0000F06920F08050F06199E600BF40F4802029
:102B10003060306840F480301CE000BF20F480302A
:102B20003060306820F480203060FFF7A5F905465A
:102B3000306880037FF55EAEFFF79EF9401B642886
:102B40004FF00300F4D940E720F480303060306863
:102B500020F480203060FFF78FF90546306880034D
:102B60003FF548AEFFF788F9401B6428F6D90320EB
:102B700002B0BDE8F08100BF206AB0F5803F05D10A
:102B80007168A26821F40031114371607168626A52
:102B900021F4741111430843706001203866FFF777
:102BA0006BF90446306880013FF565AFFFF764F9C3
:102BB000001B02284FF00300F4D906E770B528B1D6
:102BC000416A29B100210161142106E0012070BD94
:102BD0004168B1F5827F02D01C21002242500026BC
:102BE000866290F8511029B980F85060054600F0CF
:102BF00039F82846022180F8511090E82E0002F49E
:102C000082720C6803F4044324F040040C601A44FC
:102C100005F4006305691A4405F0020345691A4486
:102C200005F001038569C4691A4405F400731A4468
:102C300004F03803046A1A4404F08003846A1A43D7
:102C400004F400531A430A60042202EA15424A605F
:102C5000CA6922F40062CA610121466580F85110F8
:102C6000304670BD70B586B040F60004C4F2010471
:102C7000006804F52051002688420596CDE90366D8
:102C8000029601D006B070BD41F21800C4F20200F5
:102C9000016802AD41F480510160016801F4805186
:102CA00001910199016841F0040101600068294621
:102CB00000F0040001900198A020029002200390EF
:102CC000032005902046FEF7C3FF4020CDE9020611
:102CD000204629460496FEF7BBFF06B070BD0000F3
:102CE000F0B581B0044690F85100012810D1606819
:102CF0001D46B0F5827F03D1A068002800F0C08097
:102D000094F85000012809D1022001B0F0BD00BFA5
:102D10000220002184F8501001B0F0BD01201746B8
:102D200084F850000E46FFF7A7F8002E00F0C3808D
:102D300031460646002F4FF00100EAD00420002360
:102D400084F851006365A163A787E7872363A3869F
:102D5000E386A1682068B1F5004F236463643FD126
:102D6000016821F040010160016821F480410160A7
:102D70000168490637D5E168E08FE1B3002869D0E2
:102D8000681C0CD11BE000BFC068A16B21F8020BCE
:102D9000A163E08F0138E087E08F00285AD02068D7
:102DA0008168C907F0D1FFF767F8801BA842F3D309
:102DB0003AE000BFFFF760F8E08F00284AD02068B3
:102DC0008168C907F6D0C068A16B21F8020BA16326
:102DD000E08F0138E087E08F0028F0D13AE000BFB3
:102DE00001684906C7D4016841F040010160E1680B
:102DF000E08F0029C2D168B3681C0CD11AE000BF73
:102E0000007BA16B0870A06B0130A063E08F0138DC
:102E1000E087E08FF0B120688168C907F0D1FFF743
:102E20002BF8801BA842F4D303204CE0FFF724F8D2
:102E3000E08F78B120688168C907F7D0007BA16B6B
:102E40000870A06B0130A063E08F0138E087E08F4D
:102E50000028EFD16068B0F5827F1DD1A068B0F581
:102E6000004F02D0B0F5806F16D12168B0F5806FA9
:102E70000A6822F040020A600ED1204601210DE0CE
:102E8000042084F85100204613460A46009500F0BD
:102E90001FF901B0F0BD00BF204680212A4633460D
:102EA00003F0ACFC28B1606D40F02000606520208C
:102EB0006065606D30B10120002184F8501001B0D0
:102EC000F0BD00BF0020012184F85110002184F8DA
:102ED000501001B0F0BD00002DE9F04182B0044671
:102EE00090F85000012803D1022002B0BDE8F08123
:102EF00001201D460F46164684F85000FEF7BCFF21
:102F000094F8511001290DD18046002F4FF0010097
:102F100018BF002E0ED1002184F8501002B0BDE879
:102F2000F08100BF0220002184F8501002B0BDE8FB
:102F3000F08100BF0320002284F8510062652763FE
:102F4000A686E686A263A287E287A0683146B0F52E
:102F5000004F20682264626407D1026822F04002B8
:102F60000260026842F4804202600268520603D4A2
:102F7000026842F04002026062680139E368B2FA16
:102F800082F2B1FA81F152094909B3F5006F41EAC1
:102F9000020139D131B137F8021BC1602763E08EDD
:102FA0000138E086E08E002868D0681C0BD11AE05A
:102FB000216B31F8022BC2602163E08E0138E0867C
:102FC000E08E00285AD0206881688907F0D4FEF787
:102FD00053FFA0EB0800A842F2D338E0FEF74CFF05
:102FE000E08E00284AD0206881688907F6D5216BD9
:102FF00031F8022BC2602163E08E0138E086E08E5A
:103000000028F0D13AE000BF39B139780173206B64
:1030100001302063E08E0138E086E08E70B3681CDA
:103020000BD11BE0216B09780173206B0130206309
:10303000E08E0138E086E08E00B320688168890761
:10304000F0D4FEF719FFA0EB0800A842F3D3032049
:1030500035E000BFFEF710FFE08E78B12068816890
:103060008907F7D5216B09780173206B0130206344
:10307000E08E0138E086E08E0028EFD120468021E6
:103080002A46434603F0BAFB28B1606D40F02000A9
:10309000606520206065A06838B900200190206834
:1030A000C1680191806801900198606D30B1012084
:1030B000002184F8501002B0BDE8F0810020012109
:1030C00084F85110002184F8501002B0BDE8F0815E
:1030D0002DE9F04381B0044690F85000012803D157
:1030E000022001B0BDE8F08301201E4615460F46C0
:1030F00084F85000FEF7C0FE94F851108146012973
:103100000CD1002F4FF0010018BF002D14D1002169
:1031100084F8501001B0BDE8F08300BF6068B0F5DE
:10312000827F40F0998004294FF00200EFD1A1681E
:103130000029E6D0EBE700BF002EE8D094F851005C
:10314000002104281CBF052084F851006165A56397
:10315000E687A6872763E6862068A68621646164E1
:103160000168490603D4016841F0400101606168CB
:10317000731EE268B1FA81F1B3FA83F3DDF82080BF
:1031800049095B09B2F5006F41EA03016CD131B125
:1031900037F8021BC1602763E08E0138E086012505
:1031A00018F1010031D101E0FEF766FEE08E18B99A
:1031B000E08F002800F0C0802068816889070CD566
:1031C000E18E51B1012D08D1216B002531F8022B80
:1031D000C2602163E18E0139E1868168C907E3D0CD
:1031E000E18F0029E0D0C068A16B012521F8020B16
:1031F000A163E08F0138E087D6E700BFFEF73CFE11
:10320000A0EB0900404580F0AB80E08E18B9E08F5C
:10321000002800F091802068816889070CD5E18E34
:1032200051B1012D08D1216B002531F8022BC2606C
:103230002163E18E0139E1868168C907DED0E18F23
:103240000029DBD0C068A16B012521F8020BA16326
:10325000E08F0138E087D1E70220002184F8501088
:1032600001B0BDE8F08300BF39B139780173206B3C
:1032700001302063E08E0138E086012518F101005D
:1032800032D101E0FEF7F8FDE08E10B9E08F0028A2
:1032900052D02068816889070ED5E18E61B1012D79
:1032A0000AD1216B002509780173216B2068013157
:1032B0002163E18E0139E1868168C907E2D0E18F9F
:1032C0000029DFD0C068A16B01250870A06B013018
:1032D000A063E08F0138E087D4E700BFFEF7CCFDA4
:1032E000A0EB090040453BD2E08E08B9E08F18B34F
:1032F0002068816889070ED5E18E61B1012D0AD160
:10330000216B002509780173216B2068013121634D
:10331000E18E0139E1868168C907DFD0E18F00299C
:10332000DCD0C068A16B01250870A06B0130A063E0
:10333000E08F0138E087D1E72046802142464B46A6
:1033400003F05CFAB0B1606D40F0200060652020B1
:1033500060650120002184F8501001B0BDE8F083C1
:10336000012084F851000320002184F8501001B09E
:10337000BDE8F083A06838B9002000902068C168DB
:103380000091806800900098606D00284FF0010067
:1033900004BF84F851000020002184F8501001B0CF
:1033A000BDE8F0834EF21001CEF200010A68042855
:1033B00022F0040208BF04320A607047411E002058
:1033C000B0EB116F1CBF012070474EF21002CEF21D
:1033D000000251604EF62351CEF20001F0230B7033
:1033E000072190601160704790F83C20012A4FF04F
:1033F000020236D010B580F83D200268D2F804E011
:10340000D2F808C00C682EF07003234340F2FF741A
:10341000C4F20004A24253600ADCB2F1804F13D020
:1034200040F20043C4F200039A420DD011E000BF05
:1034300042F60043C4F201039A4205D040F600036D
:10344000C4F200039A4204D149682CF08003194366
:1034500091600121002280F83D1080F83C20BDE8F9
:10346000104010467047000090F83C30012B04BF1C
:10347000022070474FEAB202032A00F2F1802DE9E0
:10348000F043DFE802F003A53B7500BF036842F696
:1034900000461D6A1A6AC4F2010622F001021A628D
:1034A0001A465C6852F818CFB3428E68D1F800E033
:1034B00025F0020545EA06050CD1CE68D1E905786C
:1034C00024F4407425F00C0526F004063C433543F3
:1034D00044EA08042CF0730747EA0E075C609F611A
:1034E0004F6809695F631D629F6947F008079F6124
:1034F0009F6927F004079F61A6E000BF036842F6BA
:1035000000461D6A1A6AC4F2010622F480721A6229
:103510001A46D3F804C052F81CEFB3428E680C6808
:1035200025F4007545EA06250FD1CE68D1E9059846
:10353000360240F2FF4725F44065BE4335432CF484
:10354000405748EA090647EA061C2EF0730727434E
:10355000C3F804C0DF614F680969DF631D62DF697A
:1035600047F00807DF61DF6927F00407DF616BE0E0
:10357000036842F60047D3F820C01A6AC4F2010774
:1035800022F480521A621A465C6852F81C5FD1F825
:1035900000E08E68BB4204D14F6924F4804444EAC1
:1035A00087142CF4005747EA063725F4E64646EA26
:1035B0000E265C60DE614E6809691E641F62DF6969
:1035C00047F40067DF61DF6927F48067DF613AE075
:1035D000036842F600461D6A1A6AC4F2010622F028
:1035E00010021A621A46D3F804C052F8184FB342B8
:1035F0008E68D1F800E025F0200545EA06150FD1C8
:10360000CE68D1E905986FF0400725F0C00507EABC
:10361000061635432CF4406748EA090647EA860C4B
:1036200024F4E64444EA0E27C3F804C09F614F68BF
:1036300009699F631D629F6947F400679F619F69E5
:1036400027F480679F610902136819431160002104
:10365000BDE8F043002280F83C200846704700BFD8
:103660000121002280F83C2008467047002804BF52
:103670000120704710B590F83D1031B9002180F855
:103680003C10044600F068F82046022180F83D1006
:10369000016840F2FF740B68C4F2000442F6004C6B
:1036A000A142C4F2010C15DCB1F1804F1AD040F2F6
:1036B0000042C4F20002914214D0A14218DCB1F1E0
:1036C000804F1DD040F20042C4F20002914217D058
:1036D0001AE000BF614505D040F60002C4F20002C6
:1036E0009142EAD1826823F070031343A142E6DDE0
:1036F000614505D040F60002C4F20002914203D1B8
:10370000026923F440731343846923F08002D0F8E4
:1037100004E0C368224361450A60CB62C1F828E037
:1037200002D14269CCF8302001224A6180F846205B
:1037300080F83E2080F83F2080F8402080F841202B
:1037400080F8422080F8432080F8442080F845200B
:1037500080F83D20002010BD0068B0F1804F18BFF8
:10376000704781B041F21C00C4F20200016841F0D0
:1037700001010160006800F001000090009801B0B4
:1037800070470000C1B1042908D0082914BF4122A4
:103790004022825C012A05D016E000BF3F22825CF5
:1037A000012A11D10222082910D0042914BF80F85F
:1037B000412080F83F200BE090F83E20012A03D101
:1037C000022280F83E2003E00120704780F840206C
:1037D000006801F01F010122036A8A4023EA020106
:1037E0000162036A42F64441C4F201011A43A1F1A5
:1037F0004403984202620FD040F2FF71C4F200010C
:10380000884213DCB0F1804F1CD040F20041C4F27A
:103810000001884216D01CE00A6842F400420A60A7
:1038200040F2FF71C4F200018842EBDD42F6004134
:10383000C4F20101884205D040F60001C4F2000143
:10384000884206D1816801F00701062904BF0020E3
:103850007047016841F001010160002070470000DD
:103860007047000070470000B0B582B001680A6878
:10387000CC684B6902F02F05202D04F0200505D1FE
:1038800025B102B0BDE8B04003F084B85FEA027C25
:103890001EBF03F0010E04F4907313EB0E0341D12D
:1038A000036BD50618D5012B16D114F0100313D0D5
:1038B000002201920A6801924A680192019A4969BC
:1038C00049064BD4818DC28DC38D002B18BF914208
:1038D00040F0F48102B0B0BD13062DD514F0800382
:1038E0002AD090F84120212AF4D18268B2F5805F75
:1038F00003D10269002A00F06782026A531C036246
:1039000012784A60C28C013A1304C284E2D1C868BA
:1039100020F08000C860C86840F04000C86002B075
:10392000B0BD00BFD30718BF14F4807340F0D0803F
:10393000530700F1D380D8E05206CBD514F04002F3
:10394000C8D0CA6822F04002CA60202180F8411025
:1039500002B0BDE8B04000F0FDBC00BFC16B0A681A
:10396000526893B2002BB5D0858DAB42B2D2C285DE
:103970008969202900F0A180016851E8031F0268CD
:1039800021F4807142E80313DBB1016851E8031FA1
:10399000026821F4807142E8031393B1016851E891
:1039A000031F026821F4807142E803134BB10168E0
:1039B00051E8031F026821F4807142E80313002BD1
:1039C000DAD1016851E8051F026821F0010142E8DF
:1039D0000513C3B3016851E8051F026821F0010116
:1039E00042E805137BB3016851E8051F026821F026
:1039F000010142E8051333B3016851E8051F02686D
:103A000021F0010142E80513002BDAD11BE000BFD1
:103A1000016851E8051F026821F0400142E80513E2
:103A2000DBB1016851E8051F026821F0400142E85E
:103A3000051393B1016851E8051F026821F04001A8
:103A400042E805134BB1016851E8051F026821F0F7
:103A5000400142E80513002BDAD1202180F8421002
:103A600000210163016851E8031F026821F0100181
:103A700042E80313DBB1016851E8031F026821F03B
:103A8000100142E8031393B1016851E8031F026873
:103A900021F0100142E803134BB1016851E8031F04
:103AA000026821F0100142E80313002BDAD1C16B48
:103AB00004460846FDF7FEFE204602214163818D43
:103AC000C28D891A89B202B0BDE8B040FFF7C8BE06
:103AD000436C43F001034364530706D5BEF1000F66
:103AE00003D0436C43F002034364930706D5BEF151
:103AF000000F03D0436C43F004034364BCF1000F98
:103B000006D55EEA050303D0436C43F00803436423
:103B1000436C002B3FF4DEAE920605D525B104467A
:103B200002F038FF216820464969426C01F04001EB
:103B300002F00802891800F0B98000BF016851E85E
:103B4000031F026821F4907142E80313BBB30168BC
:103B500051E8031F026821F4907142E8031373B324
:103B6000016851E8031F026821F4907142E80313D1
:103B70002BB3016851E8031F026821F4907142E8F9
:103B80000313002BDAD11AE0016851E8051F02681F
:103B900021F0010142E80513DBB1016851E8051F7E
:103BA000026821F0010142E8051393B1016851E870
:103BB000051F026821F0010142E805134BB10168BD
:103BC00051E8051F026821F0010142E80513002BAE
:103BD000DAD1016B012924D1016851E8031F026881
:103BE00021F0100142E80313DBB1016851E8031F23
:103BF000026821F0100142E8031393B1016851E813
:103C0000031F026821F0100142E803134BB1016861
:103C100051E8031F026821F0100142E80313002B52
:103C2000DAD1202180F8421000210163016849693E
:103C3000490640F1C380016851E8051F026821F080
:103C4000400142E80513DBB1016851E8051F026835
:103C500021F0400142E8051393B1016851E8051FC6
:103C6000026821F0400142E805134BB1016851E8B8
:103C7000051F026821F0400142E80513002BDAD14C
:103C8000C16B002900F09A8046F68912C0F6000246
:103C9000044608464A63FDF731FE00283FF41AAE99
:103CA000E06B416B02B0BDE8B04008470446FFF747
:103CB000D9FD0020606402B0B0BD00BF891A00BF0A
:103CC000026852E8032F036822F4907243E8032548
:103CD000BDB3026852E8032F036822F4907243E8F0
:103CE000032575B3026852E8032F036822F490722B
:103CF00043E803252DB3026852E8032F036822F43A
:103D0000907243E80325002DDAD11AE0026852E8E8
:103D1000052F036822F0010243E80525DDB10268A2
:103D200052E8052F036822F0010243E8052595B10A
:103D3000026852E8052F036822F0010243E80525D6
:103D40004DB1026852E8052F036822F0010243E8F2
:103D50000525002DDAD1202280F8422000220263BE
:103D6000026852E8032F036822F0100243E803259B
:103D7000DDB1026852E8032F036822F0100243E825
:103D8000032595B1026852E8032F036822F0100260
:103D900043E803254DB1026852E8032F036822F07F
:103DA000100243E80325002DDAD1022289B24263D2
:103DB00002B0BDE8B040FFF753BD00BF02B0BDE8A0
:103DC000B040FFF74FBD00BF026A32F8023B6FF30D
:103DD0005F234B60026295E5002804BF0120704715
:103DE00010B5044690F8410028B9002084F840003E
:103DF000204600F063F8242084F841002068D4E9CC
:103E00000212C36823F40053C360036923F44053D0
:103E10001A430261D4E904231143C268194341F2F1
:103E20000C639A431143C1604169A26921F4407156
:103E3000114343F60002C4F201029042416103D0F3
:103E4000FEF794FC02E000BFFEF7A4FCD4E90023D7
:103E5000192148439900B0FBF1F048F21F5CC5F20C
:103E6000EB1CA0FB0C314FF69C734909C0F6FF73A5
:103E700001FB0300322303EB0010A0FB0C03F02036
:103E800000EA531000EB0110C3F3431108449060A3
:103E90001069202120F490401061506920F02A0020
:103EA0005061D06840F40050D0600020606484F815
:103EB000411084F84210606310BD000070B586B0F8
:103EC000006844F20041C4F20001002688420596D1
:103ED000CDE9036602963BD043F60001C4F201012E
:103EE00088426BD141F21800C4F20200016840F62A
:103EF000000441F4804101600168C4F2010401F44E
:103F0000804101910199016802AD41F00401016015
:103F10000068294600F00400019001984FF40070F9
:103F2000029002200390032005902046FDF790FEAA
:103F30004FF4806002900020CDE90300204629461E
:103F4000FDF786FE252003210322252431E000BF52
:103F500041F21800C4F20200416840F6000441F446
:103F6000003141604168C4F2010401F40031019163
:103F70000199016802AD41F0040101600068294621
:103F800000F00400019001980420029002200390A8
:103F9000032005902046FDF75BFE0820CDE90206D0
:103FA000204629460496FDF753FE262004210222CE
:103FB0002624FEF7C3F92046FEF7AEF906B070BD21
:103FC00090F84230202B07D100294FF0010318BF91
:103FD000002A05D11846704702231846704700BFD3
:103FE00000230363816222218285C285436480F8B5
:103FF00042100169006819B1C16841F48071C16063
:10400000416941F001014161C16841F02001C16095
:104010001846704780B544F20041C4F200010268BE
:1040200001F574439A4203D08A4230D080BD00BF6C
:1040300040F2780CC2F2000CBCF90220002AF5D440
:1040400093B29CF800E0B3F5804F07D2BEF10D0F9C
:104050000ED143F48040ACF8020080BDBEF10A0FDF
:1040600014BF002043F40040ACF8020080BD00BF44
:1040700040F2A652C2F2000202F803E05A1CC62B1C
:1040800088BF0022ACF8022002688A42CED140F2FA
:104090007800C2F20000B0F90410002948BF80BDCA
:1040A00089B24278B1F5804F06D20D2A0CD141F485
:1040B0008041818080BD00BF0A2A14BF002141F4E5
:1040C0000041818080BD00BF40F2DE43C2F20003A8
:1040D0005A544A1CC62988BF0022828080BD000035
:1040E0002DE9F04381B0044690F84100202809D121
:1040F000884600294FF0010018BF002A06D101B000
:10410000BDE8F083022001B0BDE8F08300206064C8
:1041100021201D4684F841001646FDF7ADFEA68419
:10412000E684A1680646B1F5805F03D120690028C6
:1041300000F0948047464FF00008E18C2068002989
:1041400000F0928005F101090BE000BF47B317F8BA
:10415000011B4160E18C0139E184E18C002900F010
:10416000838001680906F1D4B9F1000F0AD0EDB1DE
:10417000FDF782FE801BA84218D820680168090656
:10418000F6D5E3E701680906E0D4016809065CBFDB
:1041900001685FEA0161D9D401680906F2D5D5E763
:1041A00038F8021B00276FF35F21D2E7206850E840
:1041B000030F216820F4D07041E80302BAB32068ED
:1041C00050E8030F216820F4D07041E8030272B375
:1041D000206850E8030F216820F4D07041E8030202
:1041E0002AB3206850E8030F216820F4D07041E81A
:1041F0000302002ADAD11AE0206850E8050F21688E
:1042000020F0010041E80502DAB1206850E8050F0E
:10421000216820F0010041E8050292B1206850E8D1
:10422000050F216820F0010041E805024AB120682D
:1042300050E8050F216820F0010041E80502002A3E
:10424000DAD1202084F8410084F84200002084F86C
:104250004000032001B0BDE8F08300BF0027E18CDF
:10426000206800297FF46EAF016849060FD4F5B1CC
:10427000691C17D10168490609D4016849065CBF69
:1042800001685FEA416102D401684906F2D5202045
:1042900084F84100002001B0BDE8F0832068006888
:1042A0004006F4D4FDF7E8FD801BA842F6D920684B
:1042B00050E8030F216820F4D07041E80302EAB30C
:1042C000206850E8030F216820F4D07041E8030211
:1042D000A2B3206850E8030F216820F4D07041E8B1
:1042E00003025AB3206850E8030F216820F4D0700D
:1042F00041E80302002ADAD120E000BF206850E83C
:10430000050F216820F0010041E80502002A98D03D
:10431000206850E8050F216820F0010041E80502FF
:10432000002A3FF48EAF206850E8050F216820F086
:10433000010041E80502002A3FF483AF206850E8FD
:10434000050F216820F0010041E80502002AD5D1BF
:1043500077E7000070470000FEE7000070B50368D3
:10436000044653F8140F400711D40E46481C29D0B8
:1043700086BB00BF1868400527D4FDF77DFD236884
:1043800053F8140F400737D518684007F2D50020BE
:1043900070BD00BF18684007F9D41868400514D4F0
:1043A00018684007F3D4186840050ED41868400711
:1043B000EDD41868400508D4186840074FF0000095
:1043C00048BF70BD18684005E4D56FF48060186080
:1043D000042012E0154603E053F8140F4007D6D42A
:1043E00018684005F1D4FDF747FD401B2368B04233
:1043F000F2D958694007EFD4202000212022216300
:1044000084F83D2084F83E10226C10432064012083
:1044100084F83C1070BD00002DE9F04105460068AD
:104420001E46144601F47F0201338FB242D0DDF8FC
:104430001880B2F5803F40F0878040693840C01B4B
:10444000B0FA80F04009844240F0C8804EB924E0C0
:1044500040693840C01BB0FA80F04009844240F007
:10446000BD80FDF709FDA0EB08012868B142EFD936
:1044700041693940C91BB1FA81F149098C42E7D140
:104480009BE000BF40693840C01BB0FA80F0400993
:1044900084424FF0000040F0A280FDF7EDFC286858
:1044A00041693940C91BB1FA81F149098C42E9D10E
:1044B00083E000BFB2F5803F24D100BF416939409D
:1044C000C91BB1FA81F149098C4240F087804169EA
:1044D0003940C91BB1FA81F149098C4240F07E8014
:1044E00041693940C91BB1FA81F149098C4275D142
:1044F00041693940C91BB1FA81F149098C42DDD0CB
:104500006CE000BF81693940C91BB1FA81F14909EA
:104510008C4263D181693940C91BB1FA81F14909E3
:104520008C425BD181693940C91BB1FA81F14909DB
:104530008C4253D181693940C91BB1FA81F14909D3
:104540008C42DFD04AE000BF80693840C01BB0FA1F
:1045500080F04009844241D146B923E08069384067
:10456000C01BB0FA80F04009844237D1FDF784FCCB
:10457000A0EB08012868B142F0D981693940C91B14
:10458000B1FA81F149098C42E8D116E080693840DE
:10459000C01BB0FA80F0400984424FF0000018BF01
:1045A000BDE8F081FDF768FC286881693940C91BC6
:1045B000B1FA81F149098C42E8D100202021286319
:1045C00085F83D1085F83E00296C41F020012964F2
:1045D00085F83C000120BDE8F08100BF0020BDE867
:1045E000F0810000F0B581B0044600681D464369C3
:1045F0008FB203EA0701B94202D1002001B0F0BD39
:104600004169164601323CD0490512D47EB300BF41
:10461000FDF732FC411B2068B14203D941693940A2
:10462000B9422BD141693940B942E6D041694905C7
:10463000EED5016841F4007101606FF48061416161
:10464000042000212022216384F83D2084F83E10BC
:10465000226C1043206484F83C10012001B0F0BDAE
:1046600041693940B942C8D041694905E1D4FDF7F3
:1046700003FC206841693940B942F1D02020E0E7CD
:1046800041694905D5D441693940B942B5D041693C
:104690004905CED441693940B942AED04169490596
:1046A000C7D441693940B942A7D041694905C0D44E
:1046B00041693940B942E3D19FE7000070B5036812
:1046C000044653F8140F000611D40E46481C29D096
:1046D00086BB00BF1868400527D4FDF7CDFB2368D3
:1046E00053F8140F000637D518680006F2D50020DD
:1046F00070BD00BF18680006F9D41868400514D4CE
:1047000018680006F3D4186840050ED4186800062F
:10471000EDD41868400508D4186800064FF0000072
:1047200048BF70BD18684005E4D56FF4806018601C
:10473000042012E0154603E053F8140F0006D6D407
:1047400018684005F1D4FDF797FB401B2368B04281
:10475000F2D958690006EFD42020002120222163DD
:1047600084F83D2084F83E10226C10432064012020
:1047700084F83C1070BD000010B584B040F2706049
:1047800042F20041C2F20000C4F201010022012401
:104790004FF4602304730275C361C0E900128260A4
:1047A0000461FCF7D7FD002818BFFCF7FFFC0520CB
:1047B000039040F27060C2F2000001A9CDE901440B
:1047C000FCF724FD002818BFFCF7F0FC40F27060F5
:1047D000C2F20000FDF706F804B010BD10B584B0B9
:1047E00040F2A06042F60001C2F20000C4F20101F2
:1047F000002201244FF4602304730275C361C0E9F1
:10480000001282600461FCF7A5FD002818BFFCF7C8
:10481000CDFC0920CDE901040520039040F2A06001
:10482000C2F2000001A9FCF7F1FC002818BFFCF758
:10483000BDFC40F2A060C2F20000FCF7D3FF04B060
:1048400010BD00002DE9F04F85B04FF0000841F297
:104850001800CDE90388CDE90188C4F2020001689F
:1048600040F6000441F0100101600168C4F2010447
:1048700001F01001009100990168012241F020012E
:1048800001600168012701F0200100910099016891
:1048900041F004010160016801F0040100910099F8
:1048A000016841F008010160006840F2011100F068
:1048B0000800009000982046FDF7D8FA2046102105
:1048C00000224FF0100AFDF7D1FA04F58065284662
:1048D00040F61101002240F6110BFDF7C7FA2846F9
:1048E000202101224FF02009FDF7C0FA032001AE7C
:1048F000049020463146CDE90177CDF80C80FDF7D4
:10490000A7F9CDE901A74FF0020A20463146CDF8BC
:104910000C80CDF810A0FDF79BF928463146CDE973
:1049200001B7CDE9038AFDF793F94FF47040CDE963
:104930000108284631460397FDF78AF94FF4807045
:10494000CDE9010720463146CDE9037AFDF780F92C
:104950004FF40040CDE90108204631460397FDF7AA
:1049600077F928463146CDE90197CDE9037AFDF77D
:104970006FF905B0BDE8F08F80B540F2D06045F228
:104980000041C2F20000C4F2000148F2A06200231C
:104990004FF4804CC0F2010280E80E00C0E9033CF5
:1049A000C0E90533C0E90733FDF76CFA002808BFFA
:1049B00080BDBDE88040FCF7F9BB000080B540F247
:1049C000247043F20001C2F20000C4F201014FF46E
:1049D0008272002380E80E0000F114014FF4007C85
:1049E0004FF0380E81E808500A21C0E90333C0E9CE
:1049F0000833C0E90A31FEF7E1F8002808BF80BD9E
:104A0000BDE88040FCF7D2BB10B590B040F27C709E
:104A10000021C2F2000040F2E734CDE90811CDE9EF
:104A20000611CDE904114FF080424723C0E902147A
:104A300001618021C0E900238161FEF717FE002893
:104A400018BFFCF7B3FB40F27C70C2F2000008A96B
:104A5000FEF7CAFC002818BFFCF7A8FB60200190F5
:104A60004FF47A70029040F27C700024C2F2000091
:104A700001A9042203940594FEF7F6FC002818BF50
:104A8000FCF794FB029440F27C74C2F2000401A98A
:104A900020460822FEF7E8FC002818BFFCF786FB3A
:104AA00021680020B1F1804FCDE90E000D900C90EF
:104AB00002D010B010BD00BF41F21800C4F20200D5
:104AC000016841F00801016000680CA900F00800CD
:104AD0000B900B984FF481600C9002200D900F907A
:104AE00040F60040C4F20100FDF7B2F80420C4F221
:104AF0000100016841F0E06141F44071016010B0D3
:104B000010BD000010B540F27804C2F2000443F674
:104B10000001C4F20101204640F8081F4FF4E131C2
:104B200000220C23C0E90112C0E90322C0E90532CA
:104B3000C261FFF751F9002808BF10BDFCF736FB32
:104B4000A068C16841F02001C160C16841F0100156
:104B5000C16010BD10B540F2C47444F20040C2F20E
:104B60000004C4F200004FF4165100220C2384E824
:104B700007002046C4E90322C4E90532E261FFF7D9
:104B80002BF9002808BF10BDFCF710FB2068C16896
:104B900041F02001C160C16841F01001C16010BD49
:104BA000FEE70000FEE700004FF60040CFF6FF7082
:104BB00040F2DC0CC2F2000C002203460CEB0301B5
:104BC00013F5807381F8002481F8082481F81024FB
:104BD00081F8182481F8202481F8282481F83024D1
:104BE00081F8382481F8402481F8482481F8502441
:104BF00081F8582481F8602481F8682481F87024B1
:104C000081F8782481F8802481F8882481F8902420
:104C100081F8982481F8A02481F8A82481F8B02490
:104C200081F8B82481F8C02481F8C82481F8D02400
:104C300081F8D82481F8E02481F8E82481F8F02470
:104C400081F8F824BAD10022034600BF0CEB03011F
:104C500013F5807381F8012481F8092481F8112467
:104C600081F8192481F8212481F8292481F831243C
:104C700081F8392481F8412481F8492481F85124AC
:104C800081F8592481F8612481F8692481F871241C
:104C900081F8792481F8812481F8892481F891248C
:104CA00081F8992481F8A12481F8A92481F8B124FC
:104CB00081F8B92481F8C12481F8C92481F8D1246C
:104CC00081F8D92481F8E12481F8E92481F8F124DC
:104CD00081F8F924BAD10022034600BF0CEB03018E
:104CE00013F5807381F8022481F80A2481F81224D4
:104CF00081F81A2481F8222481F82A2481F83224A8
:104D000081F83A2481F8422481F84A2481F8522417
:104D100081F85A2481F8622481F86A2481F8722487
:104D200081F87A2481F8822481F88A2481F89224F7
:104D300081F89A2481F8A22481F8AA2481F8B22467
:104D400081F8BA2481F8C22481F8CA2481F8D224D7
:104D500081F8DA2481F8E22481F8EA2481F8F22447
:104D600081F8FA24BAD10022034600BF0CEB0301FC
:104D700013F5807381F8032481F80B2481F8132440
:104D800081F81B2481F8232481F82B2481F8332413
:104D900081F83B2481F8432481F84B2481F8532483
:104DA00081F85B2481F8632481F86B2481F87324F3
:104DB00081F87B2481F8832481F88B2481F8932463
:104DC00081F89B2481F8A32481F8AB2481F8B324D3
:104DD00081F8BB2481F8C32481F8CB2481F8D32443
:104DE00081F8DB2481F8E32481F8EB2481F8F324B3
:104DF00081F8FB24BAD10022034600BF0CEB03016B
:104E000013F5807381F8042481F80C2481F81424AC
:104E100081F81C2481F8242481F82C2481F834247E
:104E200081F83C2481F8442481F84C2481F85424EE
:104E300081F85C2481F8642481F86C2481F874245E
:104E400081F87C2481F8842481F88C2481F89424CE
:104E500081F89C2481F8A42481F8AC2481F8B4243E
:104E600081F8BC2481F8C42481F8CC2481F8D424AE
:104E700081F8DC2481F8E42481F8EC2481F8F4241E
:104E800081F8FC24BAD10022034600BF0CEB0301D9
:104E900013F5807381F8052481F80D2481F8152419
:104EA00081F81D2481F8252481F82D2481F83524EA
:104EB00081F83D2481F8452481F84D2481F855245A
:104EC00081F85D2481F8652481F86D2481F87524CA
:104ED00081F87D2481F8852481F88D2481F895243A
:104EE00081F89D2481F8A52481F8AD2481F8B524AA
:104EF00081F8BD2481F8C52481F8CD2481F8D5241A
:104F000081F8DD2481F8E52481F8ED2481F8F52489
:104F100081F8FD24BAD10022034600BF0CEB030147
:104F200013F5807381F8062481F80E2481F8162485
:104F300081F81E2481F8262481F82E2481F8362455
:104F400081F83E2481F8462481F84E2481F85624C5
:104F500081F85E2481F8662481F86E2481F8762435
:104F600081F87E2481F8862481F88E2481F89624A5
:104F700081F89E2481F8A62481F8AE2481F8B62415
:104F800081F8BE2481F8C62481F8CE2481F8D62485
:104F900081F8DE2481F8E62481F8EE2481F8F624F5
:104FA00081F8FE24BAD100220CEB000110F58070CC
:104FB00081F8072481F80F2481F8172481F81F2431
:104FC00081F8272481F82F2481F8372481F83F24A1
:104FD00081F8472481F84F2481F8572481F85F2411
:104FE00081F8672481F86F2481F8772481F87F2481
:104FF00081F8872481F88F2481F8972481F89F24F1
:1050000081F8A72481F8AF2481F8B72481F8BF2460
:1050100081F8C72481F8CF2481F8D72481F8DF24D0
:1050200081F8E72481F8EF2481F8F72481F8FF2440
:10503000BAD100F083BB0000F0B583B04FF6004555
:105040004FF4FA70CFF6FF7501F0ACFE40F2D06479
:105050004FF42E40C2F20004ADF80A004FF0FF37C3
:105060000DF10A022046782102230097FCF7BCFFCD
:1050700000260DF10A02204678210223ADF80A60CD
:105080000097FCF7B1FF4FF48050ADF80A000DF126
:105090000A022046782102230097FCF7A5FF4FF46F
:1050A0008040ADF80A000DF10A0220467821022363
:1050B0000097FCF799FF4FF40140ADF80A000DF19D
:1050C0000A022046782102230097FCF78DFF4FF457
:1050D0004F40ADF80A000DF10A0220467821022364
:1050E0000097FCF781FF4FF42140ADF80A000DF165
:1050F0000A022046782102230097FCF775FF4FF43F
:105100004840ADF80A000DF10A022046782102233A
:105110000097FCF769FF4FF42640ADF80A000DF147
:105120000A022046782102230097FCF75DFF4FF426
:105130002840ADF80A000DF10A022046782102232A
:105140000097FCF751FF4FF47C50ADF80A000DF1C9
:105150000A022046782102230097FCF745FF4FF40E
:105160005340ADF80A000DF10A02204678210223CF
:105170000097FCF739FF0DF10A022046782102233F
:10518000ADF80A600097FCF72FFF4FF45540ADF8DB
:105190000A000DF10A022046782102230097FCF74D
:1051A00023FF4FF40040ADF80A000DF10A0220463B
:1051B000782102230097FCF717FF4FF45940ADF810
:1051C0000A000DF10A022046782102230097FCF71D
:1051D0000BFF4FF47140ADF80A000DF10A022046B2
:1051E000782102230097FCF7FFFE4FF45A40ADF8F8
:1051F0000A000DF10A022046782102230097FCF7ED
:10520000F3FE4FF49050ADF80A000DF10A0220466B
:10521000782102230097FCF7E7FE4FF45B40ADF8DE
:105220000A000DF10A022046782102230097FCF7BC
:10523000DBFE4FF44050ADF80A000DF10A022046A3
:10524000782102230097FCF7CFFE4FF40050ADF811
:105250000A000DF10A022046782102230097FCF78C
:10526000C3FE4FF40070ADF80A000DF10A022046AB
:10527000782102230097FCF7B7FE4FF40D40ADF8FC
:105280000A000DF10A022046782102230097FCF75C
:10529000ABFE4FF4A050ADF80A000DF10A02204613
:1052A000782102230097FCF79FFE40F2DC00C2F257
:1052B00000002946421811F5807182F8006482F8D6
:1052C000086482F8106482F8186482F8206482F816
:1052D000286482F8306482F8386482F8406482F886
:1052E000486482F8506482F8586482F8606482F8F6
:1052F000686482F8706482F8786482F8806482F866
:10530000886482F8906482F8986482F8A06482F8D5
:10531000A86482F8B06482F8B86482F8C06482F845
:10532000C86482F8D06482F8D86482F8E06482F8B5
:10533000E86482F8F06482F8F864BBD100212A4660
:10534000831812F5807283F8011483F8091483F826
:10535000111483F8191483F8211483F8291483F89D
:10536000311483F8391483F8411483F8491483F80D
:10537000511483F8591483F8611483F8691483F87D
:10538000711483F8791483F8811483F8891483F8ED
:10539000911483F8991483F8A11483F8A91483F85D
:1053A000B11483F8B91483F8C11483F8C91483F8CD
:1053B000D11483F8D91483F8E11483F8E91483F83D
:1053C000F11483F8F914BBD100212A46831812F591
:1053D000807283F8021483F80A1483F8121483F895
:1053E0001A1483F8221483F82A1483F8321483F8E9
:1053F0003A1483F8421483F84A1483F8521483F859
:105400005A1483F8621483F86A1483F8721483F8C8
:105410007A1483F8821483F88A1483F8921483F838
:105420009A1483F8A21483F8AA1483F8B21483F8A8
:10543000BA1483F8C21483F8CA1483F8D21483F818
:10544000DA1483F8E21483F8EA1483F8F21483F888
:10545000FA14BBD100212A46831812F5807283F812
:10546000031483F80B1483F8131483F81B1483F8C4
:10547000231483F82B1483F8331483F83B1483F834
:10548000431483F84B1483F8531483F85B1483F8A4
:10549000631483F86B1483F8731483F87B1483F814
:1054A000831483F88B1483F8931483F89B1483F884
:1054B000A31483F8AB1483F8B31483F8BB1483F8F4
:1054C000C31483F8CB1483F8D31483F8DB1483F864
:1054D000E31483F8EB1483F8F31483F8FB14BBD1C3
:1054E00000212A46831812F5807283F8041483F889
:1054F0000C1483F8141483F81C1483F8241483F810
:105500002C1483F8341483F83C1483F8441483F87F
:105510004C1483F8541483F85C1483F8641483F8EF
:105520006C1483F8741483F87C1483F8841483F85F
:105530008C1483F8941483F89C1483F8A41483F8CF
:10554000AC1483F8B41483F8BC1483F8C41483F83F
:10555000CC1483F8D41483F8DC1483F8E41483F8AF
:10556000EC1483F8F41483F8FC14BBD100212A4610
:10557000831812F5807283F8051483F80D1483F8EC
:10558000151483F81D1483F8251483F82D1483F85B
:10559000351483F83D1483F8451483F84D1483F8CB
:1055A000551483F85D1483F8651483F86D1483F83B
:1055B000751483F87D1483F8851483F88D1483F8AB
:1055C000951483F89D1483F8A51483F8AD1483F81B
:1055D000B51483F8BD1483F8C51483F8CD1483F88B
:1055E000D51483F8DD1483F8E51483F8ED1483F8FB
:1055F000F51483F8FD14BBD100212A46831812F557
:10560000807283F8061483F80E1483F8161483F856
:105610001E1483F8261483F82E1483F8361483F8A6
:105620003E1483F8461483F84E1483F8561483F816
:105630005E1483F8661483F86E1483F8761483F886
:105640007E1483F8861483F88E1483F8961483F8F6
:105650009E1483F8A61483F8AE1483F8B61483F866
:10566000BE1483F8C61483F8CE1483F8D61483F8D6
:10567000DE1483F8E61483F8EE1483F8F61483F846
:10568000FE14BBD1002100BF421915F5807582F8C8
:10569000071482F80F1482F8171482F81F1482F886
:1056A000271482F82F1482F8371482F83F1482F8F6
:1056B000471482F84F1482F8571482F85F1482F866
:1056C000671482F86F1482F8771482F87F1482F8D6
:1056D000871482F88F1482F8971482F89F1482F846
:1056E000A71482F8AF1482F8B71482F8BF1482F8B6
:1056F000C71482F8CF1482F8D71482F8DF1482F826
:10570000E71482F8EF1482F8F71482F8FF14BBD183
:1057100000F014F84FF42F40ADF80A0040F2D060CA
:105720004FF0FF37C2F200000DF10A027821022388
:105730000097FCF759FC03B0F0BD00002DE9F04FD5
:10574000A3B040F2DC09C2F200090DF10B0A40F2ED
:10575000D067A9F580740AF110084FF0FF36C2F245
:1057600000074FF0000B00BF4BF0B00000258DF894
:105770000C0038467821524602238DF80B500096D3
:10578000FCF732FC3846782152460223ADF80B5024
:105790000096FCF729FC4FF48050ADF80B0038461A
:1057A0007821524602230096FCF71EFC40208DF81B
:1057B0000B0021460020019491F800210AEB00051E
:1057C0006A7009EBC002137C167AEB7092F82030F5
:1057D000AE706B7192F83030167EEB7192F84030FB
:1057E00091F880716B7292F850302E71EB7292F8D2
:1057F000603092F828606B7392F87030AE71EB7382
:1058000092F8883092F838606F7492F89070AB74A8
:1058100092F898302E7292F84860EF7492F8A07067
:105820002B7592F8B830AE7292F858606F7592F896
:10583000C0702B7692F8C83091F878C12E7392F828
:1058400068606F7692F8D070AB7692F8D83091F8A5
:10585000F8E1AE7308F800C092F8A86092F8B04082
:10586000EF7692F8E0702B7792F8E83092F8F0201B
:10587000203001F580718028AE75EC756F77AB77BD
:10588000EA7785F820E097D140F2D067C2F20007AE
:1058900038467821524681234FF0FF360096FCF7B8
:1058A000A3FB0A2001F032F9019C0BF1010B01343A
:1058B000BBF1080F09F101097FF456AF23B0BDE831
:1058C000F08F00002DE9F04F91B01A9D082B84460F
:1058D00010900D9340F0FC80203A002DD3B200F0E0
:1058E000E98101F00702012000FA02F20E924A1C3F
:1058F0000F9202F0070200FA02F201F1020A0D9281
:105900000AF0070200FA02F2CF1C0C9207F007021D
:1059100000FA02F201F1040E0B920EF0070201F1FF
:10592000050800FA02F208F0070501F106090A92DB
:1059300000FA05F209F00705CC1D00FA05FB04F09A
:10594000070500FA05F648F2D27503EB4300C0F6EE
:10595000000505EB400010900F980992C3B20E9815
:105960005FFA8EF2C04307900D984FEAD20EC04303
:1059700006900C985FFA88F2C04305900B984FEAA6
:10598000D208C04304900A985FFA89F2C04303909A
:1059900009985FFA8AF5C043FFB24FEAD209E2B232
:1059A00002906FEA0B00C908DB08ED08FF084FEA18
:1059B000D20ACDF820B0CDE90060F0434FF0000BE3
:1059C0000F900DE014F80A200F9802400BF1010B24
:1059D000BBF1060F0CF1010C04F80A2000F0548210
:1059E00010985FFA8CF410F80B6040F2DC00C2F201
:1059F0000000F20700EBC40432D1625C0798024059
:105A00006254B20732D5E25C0D980243E254720749
:105A100032D5625D0C9802436255320732D5E25DA1
:105A20000B980243E255F20632D514F80E200A987C
:105A3000024304F80E20B20632D514F80820099863
:105A4000024304F80820720632D514F80920089899
:105A5000024304F8092072B2B2F1FF3FB2DC32E037
:105A6000625C0E9802436254B207CCD4E25C0698A2
:105A70000240E2547207CCD4625D05980240625540
:105A80003207CCD4E25D04980240E255F206CCD451
:105A900014F80E200398024004F80E20B206CCD46D
:105AA00014F808200298024004F808207206CCD4AA
:105AB00014F809200198024004F8092072B2B2F1EA
:105AC000FF3F3FF77FAF14F80A20009802437DE7BD
:105AD000DC08012758085E0718BF07EBD30404FB56
:105AE00000F7FEB2002E0F9000F0CE81203A002D7C
:105AF000D3B200F0E2800D980C93182800F2C48114
:105B0000012202FA00F041F20002C0F2011210423A
:105B100000F0BA810C9B48F6FA1203EB4300C0F682
:105B2000000202EB800B48F66E60C0F6000000EB4E
:105B300003100B900D984FF0000A67464FF0010ECE
:105B4000A6E000BF0B9800EB0A0540F2DC02F8B2B9
:105B5000CCB2C2F20002E40802EBC00901F007086F
:105B600019F8040095F900500EFA08F640EA06020A
:105B7000EB0708BF20EA0602481C09F80420C2B25D
:105B8000D20800F0070019F802300EFA00F043EADC
:105B90000004AE0758BF23EA0004881C09F802403D
:105BA000C2B2D20800F0070019F802300EFA00F075
:105BB00043EA00046E0758BF23EA0004C81C09F832
:105BC0000240C2B2D20800F0070019F802300EFA03
:105BD00000F043EA00042E0758BF23EA0004081D22
:105BE00009F80240C2B2D20800F0070019F80230EA
:105BF0000EFA00F043EA0004EE0658BF23EA000460
:105C0000481D09F80240C2B2D20800F0070019F896
:105C100002300EFA00F043EA0004AE0658BF23EA51
:105C20000004881D09F80240C2B2D20800F0070043
:105C300019F802300EFA00F043EA00046E0658BF6D
:105C400023EA0004C81D09F80240C2B2D20800F0DD
:105C5000070019F802300EFA00F023EA00040137B9
:105C6000002D48BF43EA000409F80240F8B20F9A39
:105C7000A0EB0C009042109804BF074608310E9E1E
:105C80000D980AF1010A013E0BF1010B00F0FC80B6
:105C900010280E963FF456AF0C285D463FF455AFE2
:105CA0000C9849F25E4200EBC000C0F6000202EB25
:105CB000800048E7062704200F9048F2D27203EBD9
:105CC0004300C0F6000248F66E650B9002EB4008F8
:105CD000F8B2C0F600050E900C9305EB03100D9B77
:105CE00000224FF0010E4FF000090A900AE000BFB9
:105CF00009F101090E985FFA89F2824208F1010860
:105D000080F0C280082B45461CD00C2B12D0102BE3
:105D10000CD0182B40F0B8800C9800EBC00549F26D
:105D20005E40C0F6000000EB85050AE00A98851881
:105D300008E000BF0B9848F6FA14C0F6000404EB24
:105D40008005154440F2DC0095F900205FFA8CF5DF
:105D5000CFB2C2F20000FF0800EBC50B01F0070A4A
:105D60001BF807500EFA0AF4D00725EA040601F1E1
:105D7000010008BF45EA0406C4B20BF80760E40856
:105D800000F007001BF804500EFA00F025EA0006A8
:105D9000970758BF45EA0006881C0BF80460C4B298
:105DA000E40800F007001BF804500EFA00F025EAA2
:105DB0000006570758BF45EA0006C81C0BF80460E8
:105DC000C4B2E40800F007001BF804500EFA00F01B
:105DD00025EA0006170758BF45EA0006081D0BF81C
:105DE0000460C4B2E40800F007001BF804500EFA87
:105DF00000F025EA0006D70658BF45EA0006481D10
:105E00000BF80460C4B2E40800F007001BF804506B
:105E10000EFA00F025EA0006970658BF45EA00068C
:105E2000881D0BF80460C4B2E40800F007001BF8FA
:105E300004500EFA00F025EA0006570658BF45EA5E
:105E40000006C81D0BF80460C4B2E40800F00700A7
:105E50001BF804500EFA00F045EA0006002A48BF7D
:105E600025EA0006082B0CF1010C0BF804603FF446
:105E70003FAF109A5FFA8CF00F9C801AA04204BFCB
:105E80009446083134E700BF11B0BDE8F08F000040
:105E90002DE9F04381B0994613780D46A3F1200116
:105EA000C9B25E291BD8DDF8208006464FEA5907A3
:105EB000541EB9F1080F08BF062700BFF0B2DAB2CE
:105EC00029464B46CDF80080FFF7FCFCA3783E4402
:105ED000A3F12000C0B25F2804F10104EED301B0A9
:105EE000BDE8F08314200321FBF742B8B0B582B0BF
:105EF00000208DF80600A8208DF807000120FBF790
:105F000059FD40F60004C4F201042046102100228D
:105F1000FBF7ACFF40F22475C2F200050DF107015A
:105F200028460122FF23FCF7D7FF0DF10601284682
:105F30000122FF23FCF7D4FE204610210122FBF7AB
:105F400095FF9DF80600800702D002B0B0BD00BFEB
:105F50001420032100F0C6FC02B0B0BDB0B588B07B
:105F6000044608200821FBF703F81A20ADF80800C2
:105F70000120FBF71FFD40F60005C4F2010528468D
:105F800010210022FBF772FF40F22470C2F20000E1
:105F900002A90222FF23FCF79FFF284610210122BD
:105FA000FBF764FF0E208021FAF7E2FF42F2930034
:105FB00002A9ADF8080007AD0C2002220B4600959F
:105FC00000F06CF8054690B902989DF80910206021
:105FD0009DF808009DF80A209DF80B30484050407D
:105FE0009DF80C105840401A18BF012045000E20A3
:105FF000802100F077FC284608B0B0BD70B588B0AD
:106000008DF8051091888DF804001068ADF80A101D
:106010009988CDF806001868ADF8101001A9039012
:1060200006AE0E200C220B46009600F037F818B191
:106030000224204608B070BD902000248DF81F0077
:1060400001208DF81E40FBF7B5FC40F60005C4F2B8
:106050000105284610210022FBF708FF40F22476B4
:10606000C2F200060DF11F0130460122FF23FCF7AA
:1060700033FF0DF11E0130460122FF23FCF730FEF5
:10608000284610210122FBF7F1FE9DF81E000007B3
:1060900058BF0224204608B070BD00002DE9F04F23
:1060A00085B0174683460C280D46009306D0BBF1F9
:1060B0000E0F07D111200390122006E0312003902B
:1060C000772002E00120039000200190803040F60C
:1060D000000804218DF813000120C4F201088DF896
:1060E0001210FBF767FC404610210022FBF7BEFEB2
:1060F00040F22476C2F200060DF11201304602226F
:10610000FF234FF00209FCF7E7FE40461021012271
:10611000FBF7ACFE04208021FAF72AFF0120ADF83E
:106120001290FBF747FC404610210022FBF79EFE31
:106130000DF1120130460222FF23FCF7CDFE40464E
:1061400010210122FBF792FE0A20802100F0CAFBF9
:106150001FB36C1E40F224754FF0120AC2F2000504
:106160000DF1120614F8010F8DF812A08DF813002E
:106170000120FBF71FFC404610210022FBF776FEB2
:10618000284631460222FF23FCF7A6FE4046102196
:106190000122FBF76BFE013FE4D101208DF8129044
:1061A0008DF813B0FBF706FC4046102100220024B6
:1061B000FBF75CFE40F22470C2F200000DF1120108
:1061C0000222FF23FCF788FE404610210122FBF744
:1061D0004DFEBBF10C0FCDF808B003D10D2080218E
:1061E00000F080FB4FF6E04940F22475CFF6FF79CE
:1061F0004FF0880BC2F200050DF112070DF11106E8
:1062000001208DF811408DF812B0FBF7D3FB40460A
:1062100010210022FBF72AFE284639460122FF23DF
:10622000FCF75AFE284631460122FF23FCF758FDB1
:10623000404610210122FBF719FE19F1010980F0F7
:10624000C7809DF811A0039810EA0A0FD8D00D203E
:106250008021FAF78DFE00208DF811008C208DF83A
:1062600012000120FBF7A6FB404610210022FBF79D
:10627000FDFD40F22475C2F200050DF11201284621
:106280000122FF23FCF728FE0DF11101284601220F
:10629000FF23FCF725FD404610210122FBF7E6FD18
:1062A0009DF8110010F01B0F40F0968001980299A4
:1062B00000EA0A000C2900F0010440F08E809420CE
:1062C0004FF0000A8DF81200012003948DF811A000
:1062D0000126FBF76FFB404610210022FBF7C6FDAD
:1062E00040F22477C2F200070DF11204384621462D
:1062F0000122FF23FCF7F0FD0DF1110B3846594642
:106300000122FF23FCF7ECFC404610210122FBF7A1
:10631000ADFD98209DF811508DF8120001208DF8E8
:1063200011A0FBF747FB404610210022FBF79EFD22
:106330000DF1120138460122FF23FCF7CDFD0DF1CE
:10634000110138460122FF23FCF7CAFC4046102108
:106350000122FBF78BFD9DF811000E9910F007004C
:1063600040EAC500A0F1080008BFE8000860012D60
:1063700098BF3546122D28BF122500984FF092097C
:10638000461E00BF01208DF811A08DF81290FBF77A
:1063900011FB404610210022FBF768FD38462146DC
:1063A0000122FF23FCF798FD384659460122FF23BE
:1063B000FCF796FC404610210122FBF757FD9DF8A3
:1063C0001100013D06F8010FDCD1039C05E000BF80
:1063D0000D208021FAF7CCFD02240C20802100F052
:1063E00081FA0220ADF812000120FBF7E3FA4046E3
:1063F00010210022FBF73AFD40F22470C2F20000A7
:106400000DF112010222FF23FCF766FD4046102128
:106410000122FBF72BFD204605B0BDE8F08F000000
:1064200010B588B050200DF10A04ADF80A00A21C86
:1064300020460221FAF7B2FC0DF11C0C0C2021467B
:1064400004222346CDF800C0FFF728FE002008B044
:1064500010BD0000F0B587B00C46054608200821A5
:10646000FAF786FD40F21A70ADF806000120FBF73E
:10647000A1FA40F60007C4F20107384610210022B5
:10648000FBF7F4FC40F22470C2F200000DF10601AB
:106490000222FF230226FCF71FFD384610210122AD
:1064A000FBF7E4FC1420032100F01CFA0DF10601B7
:1064B00006AF0C2001220B468DF806500097FFF71F
:1064C000EDFD30B90698102803D1BDF8060000266E
:1064D0002080304607B0F0BD70B582B040F60004B1
:1064E000C4F2010404F58065284601210122FBF76E
:1064F000BDFC0A20FBF75EFA284601210022FBF7CB
:10650000B5FC0220FBF756FA284601210122FBF7D1
:10651000ADFC0220FBF74EFA40F60270ADF8060023
:106520000120FBF747FA204610210022FBF79EFCD2
:1065300040F22475C2F200050DF106012846022240
:10654000FF23FCF7C9FC204610210122FBF78EFC3B
:106550000220FBF72FFA43F62250ADF80600012087
:10656000FBF728FA204610210022FBF77FFC0DF1F3
:10657000060128460222FF23FCF7AEFC204610212C
:106580000122FBF773FC41F65A60ADF806000120CA
:10659000FBF710FA204610210022FBF767FC0DF1F3
:1065A000060128460222FF23FCF796FC2046102114
:1065B0000122FBF75BFC5820ADF806000120FBF739
:1065C000F9F9204610210022FBF750FC0DF10601DD
:1065D00028460222FF23FCF77FFC204610210122DF
:1065E000FBF744FC48F65450ADF806000120FBF7D9
:1065F000E1F9204610210022FBF738FC0DF10601DD
:1066000028460222FF23FCF767FC204610210122C6
:10661000FBF72CFC43F65660ADF806000120FBF7B3
:10662000C9F9204610210022FBF720FC0DF10601DC
:1066300028460222FF23FCF74FFC204610210122AE
:10664000FBF714FC44F22A060120ADF80660FBF7C4
:10665000B1F9204610210022FBF708FC0DF10601DC
:1066600028460222FF23FCF737FC20461021012296
:10667000FBF7FCFB33208021FAF77AFC0120ADF810
:106680000660FBF797F9204610210022FBF7EEFB8E
:106690000DF1060128460222FF23FCF71DFC2046CF
:1066A00010210122FBF7E2FB002002B070BD0000C8
:1066B00010B588B0026847F29301ADF80A10039252
:1066C000017842788378C0785140594048400DF1B4
:1066D0000A048DF81000E21D20460721FAF75EFB40
:1066E00008200821FAF744FC0DF11C0C0C2021466F
:1066F00009222346CDF800C0FFF7D0FC0799B1F17D
:1067000018024FF0020118BF0122002808BF5100F3
:10671000084608B010BD00007047000010B586B0F4
:106720004FF0FF30ADF80C0002900420ADF81600D9
:106730000DF116015220FFF78DFE08B106B010BD15
:1067400004A8FFF70BFC0028F8D104A8FFF7B0FF5E
:106750000028F3D102AA04AB60200521FFF74EFC0C
:106760000028EBD104980190FFF75AFE40F2D004C4
:10677000C2F2000460680199814206D1FBF77CFBFC
:10678000A168401AB0F57A7FD8D3FBF775FB40F2C9
:106790001001C2F200010A68019BA060934203D07D
:1067A000486801998142C9D100F054FE40F6004486
:1067B000C4F20104204620210022FBF757FB64208D
:1067C00000F0A4F9204620210122FBF74FFB40F204
:1067D0008000C2F2000007A104224FF47A73FDF793
:1067E0007FFC4FF47A7000F091F900F01BFE06B0C8
:1067F00010BD00BF636F6D65000000002DE9F04122
:1068000082B01E4690460D460446FBF735FB301A13
:1068100000EB0807FBF730FB40F20C01C2F200016D
:106820000968C1F3CB317943019121688A682A4014
:10683000AA4227D1064618F101001FD0FBF71CFB26
:10684000801BB84222D2019801990028A1F10101D0
:1068500001912168896808BF074601EA0500A8423E
:10686000ECD00FE088682840A8420BD18868284007
:10687000A84207D188682840A84203D188682840E8
:10688000A842EFD0002002B0BDE8F081D4E90001B9
:106890004268B1F5827F22F0E00242600AD1A1682D
:1068A000B1F5004F02D0B1F5806F03D1016821F03E
:1068B00040010160A16AB1F5005F07D1016821F4D0
:1068C00000510160016841F400510160012084F829
:1068D0005100002084F85000032002B0BDE8F08190
:1068E00070470000F0B581B0054600208DF800002B
:1068F000802040EA45008DF8010001200E46FBF79C
:1069000059F840F60004C4F2010420461021002288
:10691000FBF7ACFA40F22477C2F200070DF1010157
:1069200038460122FF23FCF7D7FA69463846012290
:10693000FF23FCF7D5F9204610210122FBF796FA38
:106940009DF800007E21304301EA45018DF80300E7
:1069500001208DF80210FBF72DF8204610210022AF
:10696000FBF784FA0DF1020138460222FF23FCF7FF
:10697000B3FA204610210122FBF778FA01B0F0BDEE
:10698000FBF762BC70470000406A0021C185C184EA
:10699000FCF768BF81B090F84210222921D18368AA
:1069A0000246B3F5805F09D152F8281F52F8183C0F
:1069B000002B63D003685B680AE000BF52F8281F11
:1069C00013B90369002BF5D003685B6803F07F03FC
:1069D0000B70116801311160C18D01390A04C18544
:1069E00002D001B0704700BF0168CA6822F02002DF
:1069F000CA60CA6822F48072CA604A6922F0010241
:106A00004A61202180F8421000214163026B012A73
:106A10003CD10163016851E8031F026821F01001B5
:106A200042E80313DBB1016851E8031F026821F05B
:106A3000100142E8031393B1016851E8031F026893
:106A400021F0100142E803134BB1016851E8031F24
:106A5000026821F0100142E80313002BDAD101682B
:106A60000A68D20606D5002200920A680092496898
:106A700000910099818D01B0FCF7F2BE0268526866
:106A80006FF35F2221F8022B8162A5E701B0FDF7C9
:106A9000C1BA0000B0B540F27804C2F2000404F1BB
:106AA00008052846FCF7E0FE284621460122FDF7AE
:106AB00087FA0028F8D1B0BDB0B540F2C474C2F274
:106AC00000042046FCF7D0FE40F27800C2F200003D
:106AD000451C00BF204629460122FDF771FA002817
:106AE000F8D1B0BDFEE7000010B504464EF210002C
:106AF000CEF20000002101600020FCF753FC40F2C0
:106B0000DC41E008C2F20001088010BDB0B5C20847
:106B100042F2C5035A43130D4FF47A724EF210013C
:106B200003FB120E40F2DC4CCEF20001B0F57A7F8E
:106B3000C2F2000C5AD3BCF8000044F24022C0F26A
:106B40000F02504313F00304A3F101024CD00025BF
:106B500048608D600D6845F001050D600D6805F019
:106B60000115012D0ED10D6805F00115012D09D17A
:106B70000D6805F00115012D04D10D6805F0011512
:106B8000012DEBD00D68012C25F001050D604FF0B3
:106B900000058D6004D1013B032A27D379E000BFB3
:106BA00048608D600D6845F001050D600D6805F0C9
:106BB0000115012D0ED10D6805F00115012D09D12A
:106BC0000D6805F00115012D04D10D6805F00115C2
:106BD000012DEBD00D68022C25F001050D604FF062
:106BE00000058D6032D1023B032A52D25FEA0E408B
:106BF00008BFB0BDBCF800001FFA8EF250434FF43E
:106C00007A725043486000208860086840F00100B4
:106C1000086000BF086800F0011001280ED1086864
:106C200000F00110012809D1086800F001100128C6
:106C300004D1086800F001100128EBD0086820F0AA
:106C40000100086000208860B0BD00BF48608D6012
:106C50000C6844F001040C600C6804F00114012C71
:106C60000ED10C6804F00114012C09D10C6804F059
:106C70000114012C04D10C6804F00114012CEBD098
:106C80000C68033B24F001040C6000248C60032A90
:106C9000ACD3002207E000BF0C68043B24F00104E1
:106CA0000C608A60A2D048608A600C6844F00104DD
:106CB0000C6000BF0C6804F00114012C0ED10C68AC
:106CC00004F00114012C09D10C6804F00114012C0A
:106CD00004D10C6804F00114012CEBD00C6824F0F2
:106CE00001040C608A6048608A600C6844F001040A
:106CF0000C6000BF0C6804F00114012C0ED10C686C
:106D000004F00114012C09D10C6804F00114012CC9
:106D100004D10C6804F00114012CEBD00C6824F0B1
:106D200001040C608A6048608A600C6844F00104C9
:106D30000C6000BF0C6804F00114012C0ED10C682B
:106D400004F00114012C09D10C6804F00114012C89
:106D500004D10C6804F00114012CEBD00C6824F071
:106D600001040C608A6048608A600C6844F0010489
:106D70000C6000BF0C6804F00114012C7FF48CAF90
:106D80000C6804F00114012C7FF486AF0C6804F049
:106D90000114012C7FF480AF0C6804F00114012C65
:106DA000E8D079E740F2DC41C2F200010A884EF2F5
:106DB0001001CEF20001504348600020886008684E
:106DC00040F00100086000BF086800F001100128D1
:106DD0000ED1086800F00110012809D1086800F000
:106DE0000110012804D1086800F001100128EBD03F
:106DF000086820F0010008600020886070470000EB
:106E0000B0B540F6004440F60C05C4F20104C2F2ED
:106E1000000518B10020287002E000BF2878B8B93A
:106E200020464FF48051FBF71BF888B320464FF4FF
:106E30000051FBF715F858B320464FF48041FBF79B
:106E40000FF828B320464FF40041FBF709F8F8B1DA
:106E500020464FF48051FBF703F8012840D120462B
:106E60004FF40051FAF7FCFF012839D120464FF4C6
:106E70008041FAF7F5FF012832D120464FF4004156
:106E8000FAF7EEFF01284FF0000008BF2870B0BDF0
:106E90000A20FFF73BFE0120287020464FF4805166
:106EA000FAF7DEFFB0FA80F0450920464FF40051B2
:106EB000FAF7D6FF002820464FF4804108BF02258C
:106EC000FAF7CEFF002820464FF4004108BF032503
:106ED000FAF7C6FF01462846002908BF0420B0BDC6
:106EE0000020B0BDA0B0FBF7BDF900240120CDE922
:106EF0000944CDE90744049008904FF4E0104FF4A2
:106F0000803102250D9004A81A94CDE91844CDE9EA
:106F10000514CDE90B51FBF751FC28B1EFF31080BC
:106F200072B600BFFEE700BF0F20CDE91B054FF48E
:106F30008060CDE91E041BA802211D94FBF738FBDD
:106F400020B1EFF3108072B6FEE700BF0220179069
:106F50004FF40040199017A8FBF7A8FA20B1EFF3FF
:106F6000108072B6FEE700BF40F600094820C4F268
:106F70000109FFF7B9FDFDF765FCFDF7FDFCFDF725
:106F8000FBFBFDF71BFDFDF729FCFDF73DFDFDF7C4
:106F9000B9FDFDF7DFFD40F27C75C2F20005284621
:106FA0000421FCF7EFFB28460821FCF7EBFBFFF779
:106FB00093FAFEF797FF6420FFF7A8FDFEF796FF10
:106FC000FEF73AF8FDF7F0FD40F2A65440F2000754
:106FD00040F2DE4840F2C47AC2F20004C2F2000776
:106FE0000026C2F20008C2F2000AAEE0FAF70EF87C
:106FF000FAF700F9064600F0CFFF884600218346E5
:107000003046C4F2A02101F071F809F5806A024609
:10701000002850464FF0200118BF0122FAF726FF42
:10702000FAF7EEF800F0B8FF4AF2CA141BAEC0F649
:10703000000402460B4630462146F9F7EBF817AF3D
:10704000384621465A464346F9F7E4F8FAF7B4F8C9
:107050000DF15204024620460FF27C31F9F7DAF8BE
:10706000002008210FF274320C230095FEF710FF68
:1070700000201421DBA20C230095FEF709FF00205D
:107080002021DAA20C230095FEF702FF2020082120
:1070900032460C230095FEF7FBFE202014213A46D1
:1070A0000C230095FEF7F4FE2020202122460C231D
:1070B0000095FEF7EDFEFEF741FB48464FF4004118
:1070C000FAF7CEFE0246002850464FF0200118BFC6
:1070D0000122FAF7CBFEFAF793F800F05DFF804645
:1070E0008A46FAF787F800F057FF05468B46FAF70D
:1070F00063F8064648464FF40041FAF7B1FECDE981
:10710000005B04AD07462846B9A1424653460296A5
:107110000397F9F77FF82846F9F77FF940F2C47A28
:10712000C2F2000A82B2504629466423FCF7D8FF17
:1071300040F2A65440F2DE4840F20007C2F20004DA
:107140000026C2F20008C2F200070A204FF0FF0B2F
:10715000FAF730FCFFF7E2FA4AF2F0112046C0F6E7
:1071600000010522F9F72DF990B34AF2D811204613
:10717000C0F600010622F9F724F94FF0010558B3D3
:107180004AF209212046C0F600010722F9F719F951
:1071900020B34AF2DF112046C0F600010822F9F7B9
:1071A00010F9E8B14AF2E8112046C0F600010722C2
:1071B000F9F707F9B0B14AF2CF112046C0F6000145
:1071C0000822F9F7FEF8002808BFBE700CE000BFE7
:1071D00001253D7008E000BF3E7005E07D7003E0D2
:1071E0007E7001E0BD7000BF40F27A00C2F2000084
:1071F00006802046C821F9F72FF940F2800040F2BE
:107200007801C2F20000C2F200010122FCF7D8FEB0
:107210004AF211214046C0F600010722F9F7D1F8E1
:1072200020B34AF203214046C0F600010522F9F7D7
:10723000C8F868B34AF2FC114046C0F600010622C5
:10724000F9F7BFF870B34AF2F6114046C0F60001F4
:107250000522F9F7B6F8A8BB384640F2D00100F88D
:10726000035FC2F2000111F8032F24E040F2D002C4
:107270003D70C2F2000210780130C1B202291070D4
:1072800020D140F2D0013846C2F2000118E000BF20
:10729000384640F2D00100F8015FC2F2000111F857
:1072A000012F08E0384640F2D00100F8025FC2F238
:1072B000000111F8022F0132D3B2022B0A7001D162
:1072C00006700E7040F27C00C2F20000068040465C
:1072D000C821F9F7C1F840F279015046C2F2000125
:1072E0000122FCF76DFE387801280BD148464FF497
:1072F00080710022FAF7BAFD87F800B0787801288B
:1073000005D01FE0387898B1787801281AD100F0BC
:10731000A1F887F801B087F801B0F87801281BD0F0
:10732000F878D8B1B878012821D100F0B3F823E07B
:1073300048464FF480710122FAF798FD78780128C9
:10734000E5D000BF7878002808BF00F06BF887F818
:1073500001B0F8780128E3D1002200E0012209F50C
:1073600080602021FAF782FDB8780128DDD0B87856
:10737000002808BF00F086F80020FFF741FD013823
:1073800003283FF633AEDFE800F0071D031300BF0C
:1073900000F080F82AE600BF48464FF480710022D2
:1073A000FAF764FD4FF47A70FFF7B0FB1EE600BFFA
:1073B00048464FF480710122FAF758FD00F062F858
:1073C00014E600BF00F046F84FF4FA70FFF79EFB9A
:1073D00000F028F80AE600BF2564000054656D3A05
:1073E0000000000048756D3A000000006D713A0021
:1073F00054656D703A252E31664320202020487553
:107400006D3A252E31662525202020204D51323A17
:107410002564202020466972653A256420202020BA
:10742000200D0A00B0B540F60040C4F20100102162
:1074300000220024FAF71AFD40F27C75C2F2000522
:107440002868642181634FF4FA70FAF7B3FA286868
:107450008463B0BD10B540F60040C4F201001021B5
:107460000122FAF703FD40F27C74C2F200042068A6
:10747000642181634FF4FA70FAF79CFA20680021C6
:10748000816310BD40F27C70C2F2000000680021F0
:10749000C163704780B540F60040C4F2010010217E
:1074A0000122FAF7E3FC40F27C70C2F200000068AF
:1074B0006421C16380BD5FEA400C08BF91F0000FFA
:1074C0004FEA8C234FEAC12243EA51514FEA1C5044
:1074D00018BF00F5F0404FEA300018BF41F00041FE
:1074E0005FEA6C5C00F02980BCF1FF3F08BF40F010
:1074F00080407047130C06BF12044FF0100C4FF081
:10750000000C130E04BF12020CF1080C130F04BF81
:1075100012010CF1040C930F04BF92000CF1020C49
:10752000D30F04BF52000CF1010C11464FF00002C2
:10753000A0F11F00A0EB0C00704711F0004F08BF36
:10754000704731F000413FF4D5AF0B0C06BF090482
:107550004FF0100C4FF0000C0B0E04BF09020CF1A1
:10756000080C0B0F04BF09010CF1040C8B0F04BFB6
:1075700089000CF1020CCB0F04BF49000CF1010C87
:10758000CCF1200322FA03F341EA030102FA0CF2E0
:10759000A0EB0C0000F101007047000023F07F47D2
:1075A00020F07F4C80EA030000F00040ACEB0703C2
:1075B00003F57C5303F1FF032DE9804909B44FEA39
:1075C000144324EA03484FEA154B25EA0B4E0FF209
:1075D000042606EB13273E7803FB0667C7F5000772
:1075E00007FB06F64FEAD64606F102064FEA543785
:1075F00007FB066CCCF1005C4FEA1C472CEA074CF9
:107600000CFB06F507FB06F404EB15464FEA96164D
:1076100049085FEA320234BF00204FF000404FEAD1
:10762000D13706FB07FC4FEA1C4C0CFB0BF7D21BB7
:1076300003FB0CF761EB07010CFB0EF7B0EB074007
:1076400072EB17420CFB08F734BFA2EB0742B2EB18
:10765000074261EB17414FEA0C444FEA910706FBE2
:1076600007FC4FEA1C4C0CFB0BF7B0EBC74072EB6E
:10767000573203FB0CF734BFA2EBC742B2EBC74251
:1076800061EB57310CFB0EF7B0EBC70072EB577292
:107690000CFB08F734BFA2EBC702B2EBC70261EBE9
:1076A00057714FEA816141EA92114FEA826242EAE0
:1076B00090124FEA806004EBCC04039F4FEAD1376D
:1076C00006FB07FC4FEA1C4C0CFB0BF7D21B03FB21
:1076D0000CF761EB07010CFB0EF7B0EB074072EB08
:1076E00017420CFB08F734BFA2EB0742B2EB07428C
:1076F00061EB17414FEA8C5504EB9C244FEA91074C
:1077000006FB07FC4FEA1C4C0CFB0BF7B0EBC74029
:1077100072EB573203FB0CF734BFA2EBC742B2EB5C
:10772000C74261EB57310CFB0EF7B0EBC70072EBB1
:1077300057720CFB08F734BFA2EBC702B2EBC702CB
:1077400061EB57714FEA816141EA92114FEA82621F
:1077500042EA90124FEA806015EB4C2544F1000498
:107760004FEAD13706FB07FC4FEA1C4C0CFB0BF72A
:10777000D21B03FB0CF761EB07010CFB0EF7B0EB20
:10778000074072EB17420CFB08F734BFA2EB07422D
:10779000B2EB074261EB17414FEA813141EA924176
:1077A0004FEA823242EA90424FEA80304FEA0C764A
:1077B00015EB1C1544F1000448EA03434EEA0B485C
:1077C0004FF0000EB2EB080C71EB030724BF6246CA
:1077D00039464EEB0E0E4FF0000B00185241494156
:1077E0004BEB0B0BB2EB080C71EB03077BF1000BBF
:1077F00024BF624639464EEB0E0E4FF0000B0018C8
:10780000524149414BEB0B0BB2EB080C71EB0307F8
:107810007BF1000B24BF624639464EEB0E0E51EA57
:10782000020718BF46F0010616EB0E7655F100026E
:1078300054F1000103D5BDE88901BDE80088BDE829
:107840008901BDE80048B619524141EB0101A3F19D
:107850000103704780807F7E7D7C7B7A79787776A4
:1078600076757473727171706F6E6E6D6C6C6B6A1D
:107870006A696868676666656464636362616160BB
:10788000605F5F5E5E5D5D5C5C5B5B5A5A59595838
:1078900058575756565555555454535352525251A2
:1078A000515050504F4F4F4E4E4D4D4D4C4C4C4BF8
:1078B0004B4B4A4A4A49494948484847474747463F
:1078C000464645454544444444434343434242427B
:1078D000424141419C46002B30D477002BD04FEAE7
:1078E00037071CB503B44FF010004FF01001BAF188
:1078F000000F06D0BCF1000FDCBF40F0080040F0E4
:1079000008014FF000000FBCBDE810400BF1010B67
:10791000BBF1010F08BF5FEA170722BF12F1010296
:1079200011F101014FF0004143F1000300F000406C
:1079300043EA00007047F9D35708D0E746EA064605
:107940004FEA164613F1400F1FDD13F1200FDFBF82
:1079500016430A46002120335B42BED0C3F1200704
:1079600046EA06464FEA164602FA07F746EA0706CF
:1079700022FA03F2C3F1200701FA07F742EA0702ED
:1079800021FA03F14FF00003A7E746EA020646EAB0
:1079900006464FEA164646EA0106BCBF46EA0646D8
:1079A000360C4FF000034FF000024FF0000194E757
:1079B0002DE9804C70B49A46934691E8380007C888
:1079C00031EA400C48BF34EA430C03D5FFF7E6FD2B
:1079D000FFF780FFF0BCBDE8008C2DE9804C70B44F
:1079E0009A46934691E8380007C810F0804F08BFC8
:1079F00013F0804F03D100F005F8FFF76BFFF0BCE8
:107A0000BDE8008C20F07F4723F07F4C80EA030024
:107A100000F0004007EB0C03A3F57C53A3F1FE0339
:107A200092F0000F00F0B38095F0000F00F0778027
:107A30002DE901494FEA114021EA00484FEA144676
:107A400024EA064700FB06FC08FB06F607FB08F8DD
:107A500018EB06484CEB164C00FB07F718EB0748F1
:107A60004CEB17404FEA124B22EA0B4E4FEA1546F9
:107A700025EA06470BFB06FC0EFB06F607FB0EFE8F
:107A80001EEB064E4CEB164C0BFB07F71EEB074E9E
:107A90004CEB174B18EB0B0840F1000018EB0E0BEA
:107AA00058EB000840F100008F1A4FF000014FF032
:107AB00000063CBFC943661B14BFB5EB040C002194
:107AC0003CBFC943F61B4FEA174427EA04454FEA77
:107AD0001C472CEA074C04FB076205FB07F70CFB6D
:107AE00005F616EB074642EB174204FB0CFC16EBBF
:107AF0000C4642EB1C421BEB060658EB02024141CE
:107B00004EEA8E0E46EA9E0601D5BDE80189B619F9
:107B1000524141EB0101A3F10103BDE801894FEAA4
:107B2000144524EA05464FEA114721EA074C05FBB4
:107B300007F406FB07F70CFB06F111EB074144EBDA
:107B4000174405FB0CFC11EB0C4144EB1C444FEAC1
:107B5000124722EA074C05FB07F206FB07F70CFB6E
:107B600006F616EB074642EB174205FB0CFC16EB3C
:107B70000C4642EB1C456A1854F1000148BF70479F
:107B8000B619524141EB0101A3F10103704795F091
:107B9000000F37D04FEA114221EA02464FEA14475C
:107BA00024EA074C02FB07F106FB07F70CFB06F47F
:107BB00014EB074441EB174102FB0CFC14EB0C44A3
:107BC00041EB1C414FEA154725EA074C02FB07F53C
:107BD00006FB07F70CFB06F616EB074645EB1745C9
:107BE00002FB0CFC16EB0C4645EB1C42121951F142
:107BF000000148BF7047B619524141EB0101A3F1A2
:107C0000010370474FEA144524EA05464FEA11473D
:107C100021EA074C05FB07F106FB07F70CFB06F210
:107C200012EB074241EB174105FB0CFC12EB0C4237
:107C300051EB1C414FF0000648BF7047921841EBD2
:107C40000101A3F101037047490050EAC12018BFA8
:107C500004204A0D18BF40F0010040F2FF72B2EB61
:107C6000515F08BF40F00200012808BF052070479F
:107C700030380A2801D201207047002070470000E8
:107C800010B500290AD00878002807D005487844A4
:107C9000F8F7E2FF002801D0002010BD0248784428
:107CA00010BD0000AE250000A625000021F0004216
:107CB00001F00043A2F16052B2F5801F28BFD2F15B
:107CC0007F6C0BD95FEA001C43EAC20242EB5070A2
:107CD00018BF704728BF20F001007047B2F5801F21
:107CE000BCBF184670474FEA410C1CF5001F02D27A
:107CF000084600F09ABC70B500F0FAF80000008960
:107D0000FFF7F6BF4FF00040A0F58000704700007D
:107D1000B1FA81F30B3B20D3994010D1B0FA80F334
:107D200010FA03F108BF7047C3F11D0303F5806328
:107D30004FEAD1224FEA415002EB03517047C3F1A1
:107D4000200C20FA0CFC41EA0C019840C3F13203EC
:107D500003F5806301EB03517047C3F1320C0CF55E
:107D6000806210B5C3F10004C4F1200E01FA0EFCCC
:107D700021FA04F100FA0EF3E04040EA0C00BDE8FD
:107D8000104001EB025138BF7047401C41F1000127
:107D90005B0008BF20F001007047000070B5DFF8FD
:107DA00048C11CEA111E1EBF1CEA13159EEA0C0FE7
:107DB00095EA0C0F00F06F8081EA03044EEAD47E4E
:107DC000AE4421EA4C1123EA4C1341F4801143F4F0
:107DD0008013AEF17F7EA1FB024CA0FB0365361938
:107DE00055EB0C05A1FB034C4CF10003A0FB021C5E
:107DF00016EB0C06654153F10003094218BF46F02B
:107E0000010613F4007F0BD14FEA03314FEA05302E
:107E100041EA155140EA165034036FF003020AE0BC
:107E20004FEAC3214FEAC52041EA555140EA565076
:107E3000F4026FF0020202EB2E4201EB025585EADA
:107E4000CE710AD05FEA440C18BF24F0004450F110
:107E5000000041F1000120EAD47040F2FE7C62454E
:107E600000D270BDA84214BF4FF080444FF0404490
:107E7000002E08BF0024BEF1806FA8BFA1F1C04151
:107E8000BDE8704080F2828001F1C04101F0004104
:107E90004FF0000070470CEA13159EEA0C0F18BF54
:107EA00095EA0C0F06D081EA030E4FF000000EF0A9
:107EB000004170BD00F01CF88900013E00F007B8D9
:107EC00000F009B84FEA430C5FEA5C5C08D081EA35
:107ED000030100F05BB84FEA410C5FEA5C5CF6D14D
:107EE00002494FF0000070470000FF070000F87FD4
:107EF0000EF1020E2EF0030E5EF8046B364205D42E
:107F0000012A43EB030515F5001F12D8012841EBA8
:107F1000010C1CF5001F0CD80ED14FEAD17C0CEBE4
:107F20004C0C0CF1020C15F5001F08BF4CEBD37C78
:107F300004E04FF0080C01E04FEAD37C0CEB4C0559
:107F400026FA05F606F00706B6F1040C06D20EEB8B
:107F5000860CBDE870404CF0010C6047DFE80CF087
:107F6000090B02024FF00041A1F500214FF0000083
:107F700070BD19461046012851EB010418BFD4F515
:107F8000001484BF002001F0004170BD0808A0F576
:107F900000114FEA3101704743004FEAD30C4FEA1A
:107FA0003C0C43401FBF40070CF1605113F0FE4FE3
:107FB00070471CF0006F03D10CF0004100207047A7
:107FC0000CF0004343EA507040EACC0010B500F0DA
:107FD000E6FA00BF000000924FEA0001FFF7D6BFAB
:107FE0004FF00041A1F500214FF000007047000064
:107FF00090EA010F48BF81F0004100F12283421A4C
:108000003CBF801A89184FEAD052A2EBD1534FF0EF
:108010007F4C1CEA410F18BF9CEA026F00F03B80C6
:108020004FF0004C4CEA00204CEA012121FA03FCFD
:1080300010EB0C0C1ED202F1FF325FEA1C2040EB69
:10804000C25038BF70471CF07F0F4FEA400C18BF7A
:10805000BCF17F4F38BF7047C3F12003994008BF80
:1080600020F00100BCF17F4F38BF7047A0F1C04045
:1080700000F0DBBA4FEA3C00000A40EBC25028BFD8
:108080001CF0FF0F4FEA400CE6D018BFBCF17F4F49
:1080900038BF7047EAE79CEA026F05D010EA5C0F30
:1080A00008BF00F00040704710B500F078FA00BF3C
:1080B00064FBBE3E10B500F0F5F80CBF01200020B7
:1080C00010BD10B500F0EEF814BF0120002010BD67
:1080D00010B500F07BF98CBF0120002010BD10B559
:1080E00000F074F92CBF0120002010BD10B500F085
:1080F000A1F994BF0120002010BD10B500F09AF93D
:1081000034BF0120002010BD401058BFC0F14040D6
:10811000491058BFC1F140418142EFF300807047E0
:108120004FF47F0C1CEAD0121EBF1CEAD11392EA56
:108130000C0F93EA0C0F00F0858090EA010F48BF06
:1081400042F4807240F4000C41F400002CF07F41B6
:1081500020F07F4000B5A2EB030281420FF2081C21
:10816000ACEB504E9EF800E0C0F100004FEA4E0E1E
:1081700000FB0EFC38BF49004FEA2C1C0CFB0EF331
:108180004FEACE1E0EEB635E4FEA112C0EFB0CFC89
:108190004FEAC1214FEA1C5300FB031102F5FA021A
:1081A0004FEA112C0EFB0CFC4FEA01314FEADC4C7C
:1081B00000FB0C1142EB2242C14228BF09184CEBD4
:1081C00003335DF804EB10EB410143EBC250B2F511
:1081D0007C0F38BF704729D512F0F00F1CBF00F19B
:1081E000C04000F00040704700818283848586870C
:1081F00088898B8C8D8E8F919293959697999A9C66
:108200009D9FA0A2A3A5A7A8AAACAEB0B2B3B5B7D4
:10821000B9BCBEC0C2C5C7C9CCCED1D4D7D9DCDFAA
:10822000E2E6E9ECF0F3F7FAFE0000004FEA400C5A
:108230000CF1807CBCF17E4F28BF7047B0F1C0408C
:1082400000F0F3B90CEAD11390EA010F48BF42F4F1
:108250008072624538BF634507D213F47F0F16D092
:1082600080EA010000F00040704710B500F097F977
:10827000097EFC3E00F005B880EA010000F00040F5
:10828000704780EA010000F0004000F0CEB912F41F
:108290007F0F04BF0248704780EA010000F0C5B9B3
:1082A0000000C07F50EA010C00F113801CF5000FA4
:1082B00058BFBCF5000F01D48842704707D710F5AE
:1082C000000F58BF11F5000F15D48842704789423E
:1082D00070471CF5000F04D5BCF5000FF7D581429F
:1082E00070474FF0807C1CEB400F38BF1CEB410FF8
:1082F00001D28142704710B500F051F99224490033
:108300004FF000504FF08051FFF7FEBE41000B0EC2
:10831000D3F19E0208D950F400034FEA032323FA55
:1083200002F048BF4042704710B500F038F900BF76
:1083300049922480002070476FF0004282EA2000BA
:1083400070474FF07E5209E011F0004204D54042E0
:10835000C1F1000138BF491E42F07E5202F1706245
:108360000B0012BF20235FEA00017047B1FA81FCC5
:1083700001FA0CF1A3EB0C0320FA03FC41EA0C0117
:1083800002EBC352C3F1200310FA03FC5CEA416C18
:1083900042EB112018BF5FF0806C28BF20F0010075
:1083A00070470000B0FA80F310FA03F2C3F19D03A6
:1083B0000AD0D90501EB1220530638BF704700F1EF
:1083C000010008BF20F001007047000050EA010CD6
:1083D00000F113801CF5000F58BFBCF5000F01D44D
:1083E0008842704707D710F5000F58BF11F5000FEE
:1083F00015D488427047894270471CF5000F04D598
:10840000BCF5000FF7D5814270474FF0807C1CEB24
:10841000400F38BF1CEB410F01D28142704710B5AD
:1084200000F0BDF8922449004FF080504FF0005109
:10843000FFF76ABE50EA010C00F113801CF5000F33
:1084400058BFBCF5000F01D48842704707D710F51C
:10845000000F58BF11F5000F15D4884270478942AC
:1084600070471CF5000F04D5BCF5000FF7D581420D
:1084700070474FF0807C1CEB400F38BF1CEB410F66
:1084800001D28142704710B500F089F8922449006A
:108490004FF000504FF08051FFF736BE4FF47F0C85
:1084A0001CEAD0121EBF1CEAD11392EA0C0F93EA09
:1084B0000C0F00F0478090EA010F48BF42F4807231
:1084C0004FF0004C4CEA00204CEA012102EB030281
:1084D000A0FB0113A2F50002002918BF43F001031D
:1084E0005B0028BF4FEA330342EB22425FEA132CC2
:1084F0004CEBC2502EBFBCEB436FB2F57C0F704704
:108500004FEA036CBCF1004F08BF20F00100B2F548
:108510007C0F38BF70470BD582F0FF0212F5803F09
:10852000C8BF704700F1C040D8BF00F0004070479E
:1085300000F5000C5FEA4C0C48BF7047B0F1C0403A
:1085400000F073B80CEAD11390EA010F48BF42F46F
:108550008072624538BF634504D280EA010000F0B2
:108560000040704710B500F01AF800BF8900013EC6
:1085700000F007B800F009B85FEA410C5FEA1C6C34
:1085800008D080EA010000F050B85FEA400C5FEAD2
:108590001C6CF6D14FF00040A0F5800070470EF142
:1085A000020E2EF0030E5EF8044B244204D44FEA70
:1085B0004102B2F17F4F11D84FEA4003B3F17F4F30
:1085C0000CD80ED14FEAD07C0CEB4C0C0CF1020C09
:1085D000B2F17F4F08BF4CEBD17C04E04FF0080CA8
:1085E00001E04FEAD17C0CEB4C0324FA03F404F0D5
:1085F0000704B4F1040C06D20EEB840CBDE8104065
:108600004CF0010C6047DFE80CF0070802024FF065
:108610000040A0F5800010BD0846420018BFD2F10E
:10862000807288BF00F0004010BDFF2141EAD050A9
:10863000C005704790EA010F48BF81F000413FF547
:10864000DEAC421A04D882F00042A0EB02001144D2
:108650004FEAD052A2EBD1534FF07F4C1CEA410FAE
:1086600018BF9CEA026F4AD04FF0004C4CEA002041
:108670004CEA012121FA03FCB0EB0C0C0FD412F0F0
:10868000FE0F36D05FEA4C001DD5001240EBC25001
:1086900038BF70471CF03F0F18BF70470BE05FEA10
:1086A0001C20A2F1010240EBC25038BF70471CF001
:1086B0007F0F18BF7047C3F12003994014BF401EBD
:1086C00020F0010070474FEA1223800808BF70476E
:1086D000B0FA80FCA2EB0C02CCF1280C60FA0CF092
:1086E00093EA122F04BF00EBC25070474FEAC370E9
:1086F0007047130A5FEADC1008BF7047F6E79CEA90
:10870000026F04D010EA5C0F08BF0020704710B55C
:10871000FFF745FF40DFF63E81F000407047F8F775
:1087200018B8000002400000000000A00000000097
:1087300005400000000000C8000000000C400000E0
:108740000000409C00000000194000000020BCBE5A
:108750000000000034400000BFC91B8E0000000470
:10876000B5400000504BCFD06607E2CF01000000BB
:108770006C4100003E8251AADFEEA73401000000E8
:10878000D9420000DCB5A0E23A301F97FFFFFFFF9F
:10879000B4450000FD25A0C8E9A3C14FFFFFFFFFBE
:1087A000FF3F00000000008000000000FF3F0000CD
:1087B0000000008000000000000000000000000039
:1087C0000102030406070809000000000102030477
:1087D00001020000000000000000002F0000000067
:1087E0000700070000147F147F1400242A7F2A1238
:1087F0000062640813230036495522500000050327
:10880000000000001C224100000041221C00001456
:10881000083E08140008083E0808000000A0600098
:108820000008080808080000606000000020100828
:108830000402003E5149453E0000427F4000004294
:1088400061514946002141454B31001814127F10F7
:10885000002745454539003C4A4949300001710926
:10886000050300364949493600064949291E0000DA
:108870003636000000005636000000081422410081
:1088800000141414141400004122140800020151B1
:10889000090600324959513E007C1211127C007FBA
:1088A00049494936003E41414122007F4141221C55
:1088B000007F49494941007F09090901003E4149BA
:1088C000497A007F0808087F0000417F41000020AE
:1088D00040413F01007F08142241007F404040405A
:1088E000007F020C027F007F0408107F003E4141A0
:1088F000413E007F09090906003E4151215E007F8B
:10890000091929460046494949310001017F010101
:10891000003F4040403F001F2040201F003F4038A4
:10892000403F0063140814630007087008070061E3
:108930005149454300007F41410000552A552A55C1
:10894000000041417F000004020102040040404059
:108950004040000001020400002054545478007F7D
:108960004844443800384444442000384444487F54
:1089700000385454541800087E0901020018A4A4B9
:10898000A47C007F080404780000447D400000407F
:1089900080847D00007F102844000000417F40005B
:1089A000007C04180478007C0804047800384444EF
:1089B000443800FC242424180018242418FC007CCB
:1089C0000804040800485454542000043F44402044
:1089D000003C4040207C001C2040201C003C4030DB
:1089E000403C004428102844001CA0A0A07C004467
:1089F00064544C44141414141414000000000000B7
:108A00000000000000000000FC0000000000020068
:108A10000000000C020C020000000000000090D0DA
:108A2000BCD0BC900003000300001824FE448C005E
:108A30000302070201001824D8B04C800003000193
:108A40000201C038E438E000010202010202080617
:108A500000000000000000000000000000F8040218
:108A6000000000010204000204F8000000040201FA
:108A700000009060F86090000000010000002020DD
:108A8000FC202000000001000000000000000000A9
:108A90000806000000002020202020000000000028
:108AA0000000000000000000000200000000008044
:108AB000601C0200040300000000F8040404F80035
:108AC0000102020201000008FC0000000002030293
:108AD0000000188444241800030202020200080463
:108AE0002424D80001020202010040B088FC80006A
:108AF0000000000302003C242424C40001020202FE
:108B00000100F824242CC0000102020201000C0420
:108B1000E41C0400000003000000D8242424D80032
:108B200001020202010038444444F800000302023A
:108B30000100000010000000000002000000000022
:108B40002000000000000600000000205088040201
:108B50000000000001029090909090000000000042
:108B600000000002048850200002010000001804E8
:108B7000C4241800000002000000F804E494F80087
:108B800001020202020000E09CF0800002030000EB
:108B9000030204FC2424D800020302020100F804AA
:108BA00004040C0001020202010004FC0404F800A9
:108BB00002030202010004FC24740C0002030202FE
:108BC000030004FC24740C00020302000000F008FF
:108BD0000444CC4000010202010004FC2020FC04FB
:108BE0000203000003020404FC0404000202030266
:108BF0000200000404FC040406040403000004FC56
:108C000024D00C0402030200030204FC0400000050
:108C1000020302020203FC3CC03CFC000300030010
:108C2000030004FC30C4FC04020302000300F80447
:108C30000404F80001020202010004FC24241800CC
:108C4000020302000000F8848404F8000102020715
:108C5000050004FC246498000203020003021824A7
:108C600024448C000302020201000C04FC040C00EA
:108C700000020302000004FC0000FC0400010202E8
:108C80000100047C80E01C040000030000001CE0E4
:108C90003CE01C00000300030000049C609C0400F6
:108CA000020300030200041CE01C04000002030293
:108CB00000000C84641C0400020302020300000094
:108CC000FE020200000007040400000E30C0000095
:108CD000000000010200000202FE00000004040780
:108CE000000000040204000000000000000000007A
:108CF0000000000008080808080800000200000042
:108D00000000000000000040A0A0C000000102021E
:108D1000030204FC2020C00000030202010000C086
:108D20002020600000010202020000C02024FC009C
:108D300000010202030200C0A0A0C0000001020264
:108D400002000020F8242404000203020200004074
:108D5000A0A0602000070A0A0A0404FC2020C0002A
:108D60000203020003020020E400000000020302EC
:108D70000000000020E4000008080807000004FCD0
:108D800080E020200203020003020404FC00000033
:108D9000020203020200E020E020C0000300030002
:108DA000030020E02020C00002030200030200C0F4
:108DB0002020C00000010202010020E02020C000AD
:108DC000080F0A02010000C02020E0000001020A92
:108DD0000F0820E040202000020302000000006095
:108DE000A0A020000002020203000020F8200000E2
:108DF00000000102020020E00020E0000001020269
:108E0000030220E020806020000003010000608059
:108E1000E08060000003000300002060806020000C
:108E200002030003020020E0208060200808070100
:108E300000000020A06020000002030202000000E9
:108E400020DE0200000000070400000000FF000018
:108E50000000000F00000002DE20000000040700F8
:108E600000000201020404020000000000000000F3
:108E700000000000000000000000000000000000F2
:108E800000F8000000000000003330000000001077
:108E90000C06100C0600000000000000000040C09E
:108EA0007840C0784000043F04043F040400007090
:108EB00088FC08300000001820FF211E0000F00888
:108EC000F000E018000000211C031E211E0000F02D
:108ED0000888700000001E21232419272110101675
:108EE0000E00000000000000000000000000000074
:108EF00000E01804020000000007182040000002F3
:108F00000418E00000000040201807000000404066
:108F100080F0804040000202010F010202000000C8
:108F200000F0000000000101011F0101010000002C
:108F300000000000000080B0700000000000000091
:108F4000000000000000000101010101010100001A
:108F500000000000000000303000000000000000B1
:108F6000000080601804006018060100000000E0A6
:108F700010080810E000000F102020100F00001053
:108F800010F8000000000020203F202000000070AA
:108F900008080888700000302824222130000030A2
:108FA0000888884830000018202020110E0000009A
:108FB000C02010F8000000070424243F240000F81B
:108FC0000888880808000019212020110E0000E000
:108FD000108888180000000F112020110E000038A2
:108FE0000808C83808000000003F000000000070BA
:108FF000880808887000001C222121221C0000E043
:1090000010080810E0000000312222110F000000BB
:1090100000C0C00000000000003030000000000070
:1090200000800000000000008060000000000000E0
:109030008040201008000001020408102000404079
:1090400040404040400004040404040404000008BC
:109050001020408000000020100804020100007071
:1090600048080808F0000000003036010000C03059
:10907000C828E810E0000718272423140B0000007C
:10908000C038E0000000203C23020227382008F806
:10909000888888700000203F202020110E00C030FA
:1090A000080808083800071820202010080008F8D1
:1090B00008080810E000203F202020100F0008F8CA
:1090C0008888E8081000203F20202320180008F896
:1090D0008888E8081000203F200003000000C0300E
:1090E00008080838000007182020221E020008F88F
:1090F00008000008F808203F210101213F20000856
:1091000008F8080800000020203F20200000000090
:109110000808F8080800C08080807F00000008F878
:1091200088C028180800203F20012638200008F8B1
:10913000080000000000203F20202020300008F818
:10914000F800F8F80800203F003F003F200008F832
:1091500030C00008F808203F200007183F00E0104A
:1091600008080810E0000F10202020100F0008F859
:1091700008080808F000203F210101010000E0106C
:1091800008080810E0000F18242438504F0008F891
:10919000888888887000203F2000030C30200070F1
:1091A0008808080838000038202121221C001808EF
:1091B00008F8080818000000203F2000000008F808
:1091C00008000008F808001F202020201F00087851
:1091D000880000C83808000007380E010000F808B1
:1091E00000F80008F800033C0700073C03000818DB
:1091F00068808068180820302C03032C3020083841
:10920000C800C83808000000203F200000001008F7
:109210000808C8380800203826212020180000003F
:1092200000FE020202000000007F40404000000CEF
:1092300030C000000000000000010638C00000023D
:109240000202FE000000004040407F0000000000DD
:109250000402020204000000000000000000000000
:1092600000000000000080808080808080800002FC
:1092700002040000000000000000000000000000E8
:109280008080808000000019242222223F2008F8DC
:10929000008080000000003F112020110E0000001F
:1092A000008080800000000E1120202011000000AE
:1092B00000808088F800000E112020103F20000060
:1092C000808080800000001F222222221300008064
:1092D00080F0888888180020203F202000000000AF
:1092E000808080808000006B94949493600008F8E4
:1092F000008080800000203F210000203F2000806F
:109300009898000000000020203F2020000000006E
:1093100000809898000000C08080807F000008F8DE
:10932000000080808000203F24022D3020000008B3
:1093300008F8000000000020203F2020000080806E
:10934000808080808000203F20003F20003F808080
:10935000008080800000203F210000203F2000008E
:10936000808080800000001F202020201F0080803F
:1093700000808000000080FFA12020110E0000006E
:10938000008080808000000E112020A0FF8080805F
:1093900080008080800020203F212000010000000C
:1093A00080808080800000332424242419000080E1
:1093B00080E0808000000000001F202000008080EE
:1093C000000000808000001F202020103F208080AF
:1093D00080000080808000010E300806010080803F
:1093E0000080008080800F300C030C300F00008064
:1093F0008000808080000020312E0E31200080808F
:1094000080000080808080818E70180601000080BE
:109410008080808080000021302C222130000000DC
:109420000000807C020200000000003F404000007D
:109430000000FF00000000000000FF00000000022C
:10944000027C800000000040403F00000000000659
:1094500001010202040400000000000000000000FE
:1094600000000000000000000000000000000000FC
:1094700000000000000000000000000000000000EC
:1094800000000000000000F0F0F00000000000000C
:10949000000000017F010000000000000000001C2F
:1094A0001C1C0000000000008060301C8C60301C20
:1094B0000C000000000000000000000000000000A0
:1094C00000000000000000000000000000E00000BC
:1094D000000000E000000086E69F86868686E69F04
:1094E000860000011F01010101011F0101000000B0
:1094F00080C06020F820E0C00000000003070C18C6
:10950000FF70E18100000000070F10107F100F07AF
:1095100000008060206080000000E02000000F302C
:1095200020309F70DC371030C0000000100E0300A8
:109530000718101807000000C02020E0C00000003D
:10954000000080E01F38E88703C43C040000070FD8
:109550001810100B070D1010080000808C4C3800FC
:1095600000000000000000000000000000000000FB
:1095700000000000000000000000000000000000EB
:109580000000000080E0300804000000000000FE41
:10959000FF0100000000000000000000030F182081
:1095A000400000040830E0800000000000000000DF
:1095B000000001FFFE0000000000004020180F0323
:1095C000000000000000000000000000C0000000DB
:1095D0000000004266663C18FF183C6666420000C8
:1095E0000000000003000000000000000000000078
:1095F000800000000000001010101010FF1010106C
:109600001010000000000000030000000000000037
:10961000000000000000000000000000000000004A
:1096200000000000000000808C4C380000000000AA
:10963000000000000000000000000000000000101A
:10964000101010101010101010000000000000008A
:10965000000000000000000000000000000000000A
:1096600000000000000000000000000000000000FA
:109670001C1C1C0000000000000000000000000096
:109680000000E0380C000000000080701C030000A7
:1096900000000060380E0100000000000000000023
:1096A00080C060202060C080000000FEFF0100003C
:1096B000000001FFFE000001070E181010180E0731
:1096C00001000000808080C0E00000000000000079
:1096D000000000FFFF000000000000001010101F3D
:1096E0001F10101000000080402020202060C0804B
:1096F000000000030300804020381F070000001C0A
:109700001A1918181818181F00000080C0202020EF
:1097100060C080000000000303001010182FE780D5
:10972000000000070F10101010180F0700000000B5
:1097300000000000C0E0F000000000C0B08886819A
:1097400080FFFF808000000000000010101F1F102D
:1097500010000000E0606060606060600000000079
:109760003F1008080818F0E0000000070B10101068
:10977000101C0F030000000080C040202020E0C02B
:10978000000000FCFF211008080818F0E0000001AC
:10979000070C18101010080F03000000C0E06060F4
:1097A000606060E06000000003000000E018070057
:1097B000000000000000001F1F00000000000080EB
:1097C000C0602020202060C080000087EF2C181887
:1097D000303068CF830000070F0810101010180FEA
:1097E00007000000C0C020202020C0800000001F13
:1097F0003F604040402010FFFE0000000C1C101095
:1098000010080F030000000000000000000000002E
:10981000000000000000000E0E0E0000000000001E
:109820000000001C1C1C00000000000000000000E4
:1098300000000000000000000000000C0C00000010
:109840000000000000000058380000000000000088
:10985000000000000080402010000000102844821A
:1098600001000000000000000000000001020408E8
:109870001000000000000000000000000000008454
:109880008484848484848484840000000000000034
:1098900000000000000000001020408000000000D8
:1098A00000000000000000000182442810000000B9
:1098B0001008040201000000000000C02020101069
:1098C000101030E0C0000003030000F010080C0787
:1098D0000300000000001C1C1C0000000000000031
:1098E00000C0406020202040C00000FCFF01F00EBE
:1098F00003C1FE03807F0001070E0811111011093A
:1099000004020000000080E0E00000000000000011
:10991000807C4340477FF880000010181F10000033
:109920000000131F1C1020E0E02020202060C080D9
:10993000000000FFFF10101010182FE78000101F0C
:109940001F1010101010180F0700000080C04020DA
:1099500020202060E00000FCFF010000000000006B
:1099600001000001070E181010100804030020E089
:10997000E02020202040C080000000FFFF00000009
:10998000000001FFFE00101F1F10101018080E0726
:10999000010020E0E020202020202060800000FF47
:1099A000FF101010107C00000000101F1F1010107E
:1099B00010101018060020E0E02020202020606019
:1099C000800000FFFF101010107C00000100101F2D
:1099D0001F100000000000000000000080C0602098
:1099E000202040E0000000FCFF0100004040C0C11A
:1099F00040400001070E181010100F0F000020E06B
:109A0000E0200000000020E0E02000FFFF10101028
:109A1000101010FFFF00101F1F1000000000101F8B
:109A20001F100000202020E0E02020200000000087
:109A3000000000FFFF000000000000001010101FD9
:109A40001F101010000000000000202020E0E02087
:109A5000202000000000000000FFFF000000006068
:109A6000E0808080C07F3F00000020E0E020000018
:109A700020A06020200000FFFF30187CE3C0000021
:109A80000000101F1F10000001131F1C181020E001
:109A9000E020000000000000000000FFFF000000C8
:109AA000000000000000101F1F10101010101018F0
:109AB000060020E0E0E000000000E0E0E02000FF21
:109AC000013FFEC0E01E01FFFF00101F1000031F3A
:109AD0000300101F1F1020E0E0C000000000002065
:109AE000E02000FF0003071C78E08000FF00101F4B
:109AF000100000000000030F1F00000080C0602065
:109B00002060C080000000FEFF010000000000FF98
:109B1000FE000001070E181010180C07010020E0CD
:109B2000E0202020202060C0800000FFFF202020B7
:109B30002020301F0F00101F1F1000000000000029
:109B40000000000080C060202060C080000000FE97
:109B5000FF010000000000FFFE000001070E1111D0
:109B6000133C7C67210020E0E0202020202060C002
:109B7000800000FFFF101030F0D0080F0700101F0A
:109B80001F10000000030F1C10100080C060202078
:109B900020204040E00000070F0C1818303060E033
:109BA0008100001F0C0810101010180F07008060B3
:109BB000202020E0E020202060800100000000FF45
:109BC000FF000000000100000000101F1F10000037
:109BD000000020E0E020000000000020E02000FF66
:109BE000FF00000000000000FF0000070F18101029
:109BF0001010100807002060E0E02000000020E0C6
:109C000060200000077FF88000807C0300000000D7
:109C10000000071F1C070000000020E0E02000E01B
:109C2000E0200020E0200007FFF8E01FFFFCE01F1D
:109C300000000000031F0300011F030000000020BC
:109C400060E0A0000020E0602000000000038F7CA6
:109C5000F8C6010000000010181E130001171F189D
:109C600010002060E0E02000000020E06020000004
:109C700001073EF8E0180700000000000010101F68
:109C80001F101000000000806020202020A0E0E0D5
:109C9000200000000000C0F03E0F03000000001094
:109CA0001C1F17101010101806000000000000FC08
:109CB0000404040404000000000000FF0000000091
:109CC000000000000000007F4040404040000000D5
:109CD00010E0000000000000000000000000031C75
:109CE00060800000000000000000000000030C7015
:109CF000800000000404040404FC000000000000D4
:109D00000000000000FF0000000000004040404054
:109D1000407F0000000000000010080C040C081038
:109D20000000000000000000000000000000000033
:109D30000000000000000000000000000000000023
:109D40000000000000000000000000000000000013
:109D50000000808080808080808080808080000003
:109D600000040408080000000000000000000000DB
:109D700000000000000000000000000000000000E3
:109D800000000000000000000000000000000000D3
:109D900098D844642424FCF80000000F1F18101009
:109DA00010081F1F10180020E0F000000000000045
:109DB00000000000FFFF180804040CF8F000000089
:109DC0001F0F18101010180F0300000000000000F3
:109DD00000000000000000E0F8180404043C380013
:109DE000000000030F0C1010101008060000000007
:109DF000000000000020E0F0000000E0F81C040477
:109E00000408FFFF000000030F18101010081F0FB8
:109E1000080000000000000000000000000000003A
:109E2000E0F8484444444C7870000000030F0C18DC
:109E30001010100804000000000080C0602020E026
:109E4000C00000040404FFFF040404040000000038
:109E500010101F1F10101000000000000000000074
:109E6000000000000000000070F88C04048CF874FE
:109E7000040C007076CF8D8D8D89C878700000201D
:109E8000E0F000000000000000000000FFFF0804F8
:109E90000404FCF8000000101F1F100000101F1F1A
:109EA00010000000000000606000000000000000E2
:109EB000040404FCFC000000000000001010101F4F
:109EC0001F10101000000000000000000060600083
:109ED000000000000000040404FCFC00000000007E
:109EE000C0C08080C07F3F0000000020E0F0000084
:109EF0000000000000000000FFFF80C0F41C04040C
:109F0000000000101F1F1100031F1C101000000094
:109F1000202020E0F000000000000000000000FF12
:109F2000FF000000000000001010101F1F10101094
:109F3000000000000000000000000000000004FC21
:109F4000FC0804FCFC0804FCFC00101F1F10001F90
:109F50001F10001F1F100000000000000000000084
:109F600000000004FCFC08080404FCF800000010D9
:109F70001F1F100000101F1F100000000000000035
:109F800000000000000000E0F0180C04040C18F0C1
:109F9000E00000030F0C101010100C0F0300000065
:109FA000000000000000000000000004FCFC0804A9
:109FB00004040CF8F0000080FFFF889010101C0FC4
:109FC000030000000000000000000000000000E0AE
:109FD000F81C04040408F8FC000000030F1810101B
:109FE0009088FFFF800000000000000000000000DB
:109FF0000000040404FCFC100804040C0C00101005
:10A00000101F1F10101000000000000000000000D2
:10A0100000000000000000003078CCC48484840C70
:10A020001C0000001E1810101011190F060000006F
:10A03000000000C000000000000000040404FFFF56
:10A04000040404000000000000000F1F1010100C9A
:10A0500000000000000000000000000000000004FC
:10A06000FCFE00000004FCFE000000000F1F1810A2
:10A0700010081F0F08000000000000000000000092
:10A08000000000040C3CFCC40000C43C0C040000B4
:10A090000000010F1E0E0100000000000000000083
:10A0A000000000000000043CFCC400E47CFC848050
:10A0B0007C040000071F070000071F0700000000C6
:10A0C000000000000000000000000004041C7CE40C
:10A0D000C0341C0404000010101C1601131F1C18AF
:10A0E000100000000000000000000000000000045C
:10A0F0000C3CFCC400C43C0404000000C080C13718
:10A100000E01000000000000000000000000000040
:10A11000000000001C0404C4F47C1C0400000000C7
:10A12000101C1F17111010180E0000000000000076
:10A1300000F80C04000000000000001028EF0000F0
:10A140000000000000000000003F60400000000030
:10A1500000000000FF000000000000000000000000
:10A16000FF0000000000000000000000FF000000F1
:10A1700000000000040CF8000000000000000000D7
:10A180000000EF28100000000000000040603F00C9
:10A190000000000000000018060202040810202041
:10A1A0003008000000000000000000000000000077
:10A1B0000000000000000000000002030405060784
:10A1C00008090A0B0C0D0E0F1010252E32660073B5
:10A1D000706565646F6666006C65646F6666006DC9
:10A1E0006F746F726F66660073706565646F6E0082
:10A1F0006C65646F6E006265656F6E0066656E67A4
:10A200006F6E006169726F6E006D6F746F726F6E4A
:10A21000006C696768746F6E0000000058A2000847
:10A2200000000020180000005001000870A2000883
:10A2300018000020000E0000700100081C00000043
:10A2400043000000F8FFFFFF0C0000000E000000BC
:10A250000F0000002E000000FFFFFFFF01000000C4
:10A26000100000000024F400B4B07A05F4A7893F80
:04000005080000ED02
:00000001FF
